kode,nama_produk,unit,total_qty_masuk,total_qty_keluar
A000001,ANATON TAB,STRIP,30.0,18.0
A00000156,zz,BTL,4.0,4.0
A00000157,z,BTL,6.0,6.0
A000002,ASEPTIC PLUS SPRAY,BTL,3.0,3.0
A00001,ACTIVED HIJAU,BTL,20.0,19.0
A000011,ALLERIN EXP,BTL,3.0,3.0
A000012,APIALYS SYR 100 ML,BTL,18.0,16.0
A000014,ALKOHOL 1000 ML,BTL,20.0,25.0
A000016,ALLOPURINOL 300,STRIP,234.0,214.0
A000018,ATORVASTATIN 10MG,STRIP,20.0,16.0
A00002,ACTIVED KUNING,BTL,1.0,3.0
A00003,ACTIVED MERAH,BTL,27.0,27.0
A00004,ACYCLOVIR 200MG,STRIP,25.0,32.0
A000040,MEFIX 500MG,STRIP,41.0,32.0
A00005,ACYCLOVIR 400MG,STRIP,115.0,105.0
A000053,ALPARA SYR,BTL,12.0,12.0
A00006,ADEM SARI,SACH,144.0,144.0
A000066,ANDALAN KB FE,STRIP,114.0,155.0
A00007,AFITSON NO.1 18 G,POT,55.0,58.0
A000073,ASEPSO MOISTURE CARE,PCS,0.0,6.0
A000076,ALOFAR 300MG,STRIP,180.0,168.0
A000078,ARKAVIT BOX,STRIP,80.0,77.0
A00008,AKURAT,PCS,350.0,354.0
A00009,ALBOTHYL 10ML,BTL,4.0,5.0
A00009,ALBOTHYL 10ML,BTL,3.0,3.0
A00010,ALBOTHYL 5ML,BTL,36.0,36.0
A00013,ALLERON,STRIP,122.0,127.0
A00014,ALLETROL TM 5 ML,FLS,25.0,26.0
A00016,ALPARA,STRIP,469.0,444.0
A00016,ALPARA,STRIP,200.0,20.0
A00018,AMBROXOL 30MG,STRIP,291.0,268.0
A000209,THERMOMETER AVICO,PCS,55.0,54.0
A00023,AMOXSAN 500MG,TAB,300.0,320.0
A000236,ASHITAKI MIE GRG,PCS,0.0,2.0
A00024,AMOXSAN D.S 60ML,BTL,12.0,12.0
A00026,AMPICILIN 500MG,STRIP,41.0,44.0
A00027,ANAKONIDIN OBH 60ML,BTL,60.0,64.0
A00028,ANAKONIDIN SYR 60ML,BTL,93.0,93.0
A00029,ANDALAN LAKTASI,STRIP,90.0,99.0
A00032,ANTANGIN ANAK,SACH,110.0,93.0
A00034,ANTANGIN TAB,STRIP,60.0,123.0
A00036,ANTIMO ANAK JERUK,SACH,40.0,51.0
A00037,ANTIMO ANAK STRAW,SACH,50.0,57.0
A00038,ANTIMO TAB,STRIP,216.0,197.0
A00039,ASAM MEFENAMAT 500MG,STRIP,670.0,659.0
A00039,ASAM MEFENAMAT 500MG,STRIP,197.0,194.0
A00039,ASAM MEFENAMAT 500MG,STRIP,126.0,113.0
A00045,ANLENE GOLD VANILLA 250GR,BOX,1.0,1.0
A00046,ANLENE GOLD COKLAT 250GR,BOX,1.0,1.0
A00047,APIALYS DROPS,BTL,13.0,12.0
A00048,AVAIL HIJAU,PCS,11.0,38.0
A00049,AVAIL BIRU,PCS,10.0,26.0
A00050,AMBEVEN,STRIP,240.0,234.0
A00052,AVAIL MERAH,PCS,0.0,11.0
A00053,AUGENTONIC 5 ML,FLS,6.0,3.0
A00055,ALOFAR 100MG,STRIP,362.0,378.0
A00055,ALOFAR 100MG,STRIP,50.0,53.0
A00060,ARMSLING M,PCS,12.0,12.0
A00066,ANLENE ACTIFIT VANILLA,DUS,1.0,1.0
A00067,ANLENE ACTIFIT COKLAT,DUS,1.0,1.0
A00072,ASEPSO,PCS,94.0,93.0
A00072,ASEPSO,PCS,702.0,721.0
A00077,ACLONAC GEL 20G,BOX,2.0,4.0
A00082,APPETON WG ADULT COKLAT,KLG,2.0,2.0
A00083,ANTASIDA DOEN SUSP 60ML,BTL,151.0,153.0
A000897,ALERZIN TAB,STRIP,100.0,97.0
A00091,ARMACORT,TUBE,99.0,100.0
A00092,ALLERIN EXP 60 ML,BTL,29.0,30.0
A00092,ALLERIN EXP 60 ML,BTL,169.0,175.0
A00092,ALLERIN EXP 60 ML,BTL,2.0,3.0
A00103,AQUA MARIS DAILY NASSAL 30ML,BTL,3.0,3.0
A00107,ALLERGEN TAB,STRIP,80.0,103.0
A0011,ANTIS BTL 60ML,BTL,23.0,26.0
A00110,ANTIS SPRAY 55ML,BTL,84.0,170.0
A00111,ADEM SARI CHING KU,KLG,120.0,109.0
A00112,ANACETIN SYR,BTL,73.0,74.0
A00116,ASIFIT 700MG KAPLET,STRIP,15.0,18.0
A00117,AZITHROMYCIN 500MG TAB,STRIP,9.0,9.0
A00118,ANASTAN FORTE,STRIP,171.0,186.0
A00121,ACNES GEL,TUBE,11.0,8.0
A00121,ACNES GEL,TUBE,150.0,136.0
A00123,VITAMIN C 50MG,STRP,275.0,288.0
A00124,ASTHIN FORCE,STRIP,0.0,3.0
A00126,ACNOL 10GR,TUBE,12.0,13.0
A00131,AMBROXOL SYR,BTL,30.0,32.0
A00132,AMOXSAN DROP,BTL,1.0,3.0
A00133,ACNOL LOTION 10ML,PCS,27.0,32.0
A00135,ASMASOLON,STRIP,75.0,63.0
A00138,ACNES FC CREAMYWASH,TUBE,6.0,4.0
A00141,ASICUM,BTL,58.0,62.0
A00142,ALBENDAZOLE KF,STRIP,30.0,28.0
A00142,ALBENDAZOLE KF,STRIP,0.0,13.0
A00146,ACTIVCLEAR,TUBE,2.0,3.0
A00147,ACARBOSE,STRIP,10.0,0.0
A00148,AKURAT COMPACT,PCS,5.0,9.0
A00149,ANAKONIDIN HERBAL 60ML,BTL,39.0,37.0
A00151,AGARILLUS DROP,BTL,46.0,45.0
A00154,ANAKONIDIN ME 60ML,BTL,25.0,30.0
A00155,ANDALAN FRESH INTIMATE WASH,BTL,2.0,0.0
A00156,ANAKONIDIN ME 30ML,BTL,13.0,13.0
A00158,ACIFAR,TUBE,115.0,114.0
A00160,ATORVASTATIN 20MG,STRIP,13.0,9.0
A00161,ACETYLCYSTEINE 200MG,STRIP,69.0,72.0
A00164,AMUNIZER,SCHET,112.0,36.0
A00165,AGARILLUS,BTL,31.0,32.0
A00166,AZITHROMYCIN 200MG SYR 5ML,BTL,4.0,3.0
A00166,AZITHROMYCIN 200MG SYR 5ML,BTL,50.0,46.0
A00168,ARKAVIT C,STRIP,50.0,42.0
A00168,ARKAVIT C,STRIP,9.0,9.0
A00170,ACITRAL SUSPENSI 120ML,BTL,11.0,10.0
A00171,ACTICOR 60X85ML,BTL,6.0,6.0
A00171,ACTICOR 60X85ML,BTL,1.0,0.0
A00171,ACTICOR 60X85ML,BTL,5.0,3.0
A00174,ANTIS GEL 30ML,BTL,22.0,17.0
A00175,ANAKONIDIN 30ML,BTL,18.0,17.0
A00176,ANAKONIDIN OBH 30ML,BTL,30.0,24.0
A00177,ACTIV WATER,BTL,24.0,13.0
A00177,ACTIV WATER,BTL,24.0,5.0
A00179,ANDALAN OVULATION,PCS,1.0,1.0
A00180,ANATON SYR,BTL,3.0,3.0
B0000001,BACTODERM 5GR,TUBE,5.0,3.0
B0000002,BALSEM GELIGA 10 GR,POT,21.0,21.0
B0000003,BALSEM GELIGA 20 GR,POT,97.0,96.0
B0000004,BALSEM GELIGA 40 GR,POT,77.0,81.0
B0000006,BALSEM LANG 10 GR,POT,19.0,21.0
B00000068,---,PCS,27.0,30.0
B0000007,BALSEM LANG 20 GR,POT,73.0,71.0
B0000009,BALSEM TJIN TJAU 20 G,POT,2.0,1.0
B0000010,BALSEM TJIN TJAU 36 G,POT,2.0,2.0
B00000100,BIOLYSIN SYR 100ML,BTL,2.0,0.0
B00000120,BROADAMOX,STRIP,92.0,79.0
B00000125,BENEURON DRAGEE,STRIP,70.0,56.0
B0000013,BECOM-C,STRIP,203.0,195.0
B0000018,BENZOLAC CL,TUBE,6.0,8.0
B0000019,BETADINE FEMINIME,BTL,25.0,23.0
B00000198,BIFERCE,BTL,28.0,28.0
B0000020,BETADINE GARGLE 190ML,BTL,45.0,47.0
B0000021,BETADINE GARGLE 100ML,BTL,23.0,28.0
B0000022,BETADINE OINT 10G,TUBE,10.0,7.0
B0000023,BETADINE OINT 5G,TUBE,23.0,26.0
B0000025,BETADINE SOL 15 ML,BTL,82.0,85.0
B0000026,BETADINE SOL 30 ML,BTL,32.0,31.0
B0000027,BETADINE SOL 5 ML,BTL,216.0,214.0
B0000028,BETAHISTINE,STRIP,118.0,109.0
B0000029,BETASON CR 5G,TUBE,38.0,37.0
B0000030,BETASON N CR 5G,TUBE,305.0,340.0
B0000031,BIOGESIC,STRIP,100.0,74.0
B0000032,BIOLYSIN KIDS ANGGUR,BTL,10.0,9.0
B0000033,BIOLYSIN KIDS JERUK,BTL,10.0,7.0
B0000034,BIOLYSIN KIDS STRAW,BTL,7.0,5.0
B0000035,BIOPLACENTON 15GR,TUBE,93.0,93.0
B0000036,BISOLVON EXTRA,BTL,34.0,32.0
B0000037,BISOLVON KIDS,BTL,14.0,16.0
B0000038,BISOPROLOL 5MG,STRIP,51.0,41.0
B0000040,BODREX EXTRA,STRIP,301.0,283.0
B0000041,BODREX FB DAHAK,STRIP,200.0,192.0
B0000042,BODREX FB KERING,STRIP,202.0,210.0
B0000043,BODREX MIGRA,STRIP,150.0,153.0
B0000044,BODREXIN DEMAM  SYR,BTL,6.0,6.0
B0000045,BORRAGINOL N SUPPO,SUPP,90.0,97.0
B0000046,BORRAGINOL S SUPPO,SUPP,63.0,79.0
B0000047,BRAITO ORIGINAL,FLS,121.0,126.0
B0000048,BUBUK PK,POT,168.0,158.0
B0000050,BYE BYE FEVER ANAK,SACH,195.0,183.0
B0000053,BABY COUGH,BTL,208.0,209.0
B0000054,BRONCHITIN SYR,BTL,14.0,16.0
B0000054,BRONCHITIN SYR,BTL,260.0,241.0
B0000058,BATUGIN 120 ML,BTL,28.0,27.0
B0000061,BATUGIN 300ML,BTL,34.0,38.0
B0000064,BAYI IBU,PCS,12.0,12.0
B0000065,BUFACORT N 5G,TUBE,48.0,43.0
B0000066,BINARI,SCH,108.0,107.0
B0000067,BETADINE PLESTER JUNIOR,PCS,4.0,1.0
B0000069,BRAITO TEARS,FLS,12.0,9.0
B0000069,BRAITO TEARS,FLS,263.0,265.0
B0000069,BRAITO TEARS,FLS,15.0,15.0
B0000074,BUFANTACID,STRIP,101.0,113.0
B0000076,BUFANTACID FORTE SYR,BTL,24.0,23.0
B0000078,BALPIRIK EXTRA MERAH,POT,6.0,9.0
B0000081,BIOLYSIN SMART 60ML,BTL,16.0,17.0
B0000082,BETADINE SABUN CAIR 100ML,BTL,9.0,6.0
B0000082,BETADINE SABUN CAIR 100ML,BTL,18.0,17.0
B0000089,BBK 80GR,BTL,15.0,17.0
B0000090,BETADINE SOL 60ML,BTL,16.0,16.0
B0000091,BENECOL ORANGE,BTL,102.0,107.0
B0000097,BALSEM LANG 40GR,POT,45.0,42.0
B0000101,BORRAGINOL S OINT,TUBE,10.0,10.0
B0000103,BEVALEX CR,TUBE,183.0,188.0
B0000108,BEAR BRAND,KLG,354.0,335.0
B0000109,BUFACARYL,STRIP,400.0,413.0
B0000109,BUFACARYL,STRIP,0.0,2.0
B0000118,BRONKRIS TAB,STRIP,140.0,128.0
B0000119,BORRAGINOL N OINT,TUBE,11.0,12.0
B0000125,BREAST PADS YOUNG YOUNG,PCS,0.0,1.0
B0000193,BIOMEGA,STRIP,30.0,25.0
B0000193,BIOMEGA,STRIP,9.0,7.0
B00002,BRONCHITIN FLU SYR 60ML,BTL,9.0,3.0
B00002,BRONCHITIN FLU SYR 60ML,BTL,18.0,16.0
B0000201,BETOMINPLEX BOTOL,BTL,4.0,4.0
B0000202,BRONKRIS SYR,BTL,9.0,15.0
B0000202,BRONKRIS SYR,BTL,12.0,12.0
B0000202,BRONKRIS SYR,BTL,144.0,203.0
B0000214,BEDAK PIGEON 200GR,PCS,0.0,2.0
B0000216,BATSARIA 10ML,BTL,22.0,19.0
B0000217,BALSEM DRAGON 40GR,BTL,0.0,5.0
B0000220,BISACODYL TAB 5MG,STRIP,18.0,20.0
B0000221,BIO OIL 60ML,BTL,1.0,1.0
B0000222,BIOCALCI-72,STRIP,0.0,8.0
B0000223,B7 PANAS DALAM,SCHT,0.0,12.0
B0000226,JOHNSONS BABY OIL 200ML,BTL,3.0,1.0
B0000226,JOHNSONS BABY OIL 200ML,BTL,0.0,5.0
B0000229,BIOCERAGEL BODY CREAM,TUBE,0.0,2.0
B0000230,BIOPLACENTON TULLE,PCS,0.0,5.0
B0000234,BEJO JAHE MERAH,SACH,576.0,551.0
B0000235,BETADINE HAND WASH POC 200ML,PCS,0.0,4.0
B0000236,BECOM-ZET,STRIP,105.0,90.0
B0000236,BECOM-ZET,STRIP,50.0,83.0
B0000236,BECOM-ZET,STRIP,8.0,7.0
B0000239,BIO OIL 25ML,BTL,2.0,2.0
B0000239,BIO OIL 25ML,BTL,0.0,8.0
B0000241,BIMACYL,STRIP,180.0,196.0
B0000242,BREAST PUMP RELIABLE,PCS,3.0,3.0
B0000243,BEXICOM KAPLET,STRIP,20.0,20.0
B0000244,BLACKSOAP,PCS,1.0,1.0
B0000266,BINTAMOX TAB,STRIP,30.0,20.0
B0000267,BLACKMORES CELERY,BOTOL,2.0,2.0
B0000268,BINTAMOX SYR,BOTOL,18.0,15.0
B0000269,BLACKMORES FISHOIL,BOTOL,1.0,1.0
B0000270,BRALIFEX EYE DROP,BTL,1.0,0.0
B0000271,BETADINE PLASTER WATERPROOF,PCS,3.0,2.0
B0000272,BOOST D 1000 IU,STRIP,54.0,9.0
B0000272,BOOST D 1000 IU,STRIP,192.0,186.0
B0000274,BELSOAP 65GR,PCS,6.0,4.0
B0000275,BIOMAG TAB,STRIP,20.0,3.0
B0000276,BEBITHEN KRIM 20GR,TUBE,1.0,0.0
B0000277,BREAST PUMP SET RELIABLE 9910,PCS,1.0,0.0
B000030,BROCHIFAR KPT,STRIP,50.0,42.0
B000036,BRESHIL,PCS,2.0,2.0
B000056,BROCHITIN TAB,STRIP,0.0,6.0
B000073,BETAMOL,STRIP,20.0,20.0
B000089,BETADINE ELASTIC FABRIC,AMP,19.0,21.0
B000200,BETADINE VAGINAL 100ML,BTL,1.0,0.0
B000201,BETADINE THROAT SPRAY,BTL,1.0,0.0
B000201,BETADINE THROAT SPRAY,BTL,1.0,1.0
B00037,BABY DIAPER CREAM PIGEON 60G,BTL,0.0,4.0
C0000001,CALADINE LOT 95ML,BTL,60.0,68.0
C0000002,CALADINE LOT 60ML,BTL,110.0,110.0
C0000003,CALADINE TALK 100G,BTL,18.0,16.0
C0000004,CALADINE TALK 60G,BTL,20.0,21.0
C0000005,CALLUSOL,BTL,57.0,60.0
C0000006,CANDISTIN,BTL,20.0,20.0
C0000006,CANDISTIN,BTL,362.0,353.0
C0000006,CANDISTIN,BTL,3.0,3.0
C0000010,CAPTOPRIL 25MG,STRIP,580.0,586.0
C00000101,COOLANT 350ML,BTL,57.0,61.0
C00000102,COOLING 5 PLUS ORANGE,BTL,158.0,154.0
C00000105,COTTON BUD,PACK,0.0,4.0
C0000012,CATAFLAM 25MG,TAB,302.0,269.0
C0000014,CATAFLAM D 50MG,TAB,1.0,35.0
C00000143,CANDESARTAN 16MG,STRIP,15.0,17.0
C0000015,CATARLENT 5ML,FLS,5.0,4.0
C0000016,CDR FORTOS,TUBE,3.0,6.0
C00000177,CHILI PLAST 2.5CM,PCS,12.0,12.0
C0000018,CEFADROXIL 500MG,STRIP,150.0,148.0
C0000021,CEFIXIME 100MG CAP,STRIP,72.0,70.0
C0000023,CENDO LYTEERS 15ML,FLS,53.0,52.0
C0000023,CENDO LYTEERS 15ML,FLS,21.0,20.0
C0000027,CENDO XITROL MINI DOSE,PACK,13.0,13.0
C0000028,CENDO XITROL TM 5ML,FLS,50.0,50.0
C0000029,CEREBROFORT EXCEL,STRIP,0.0,1.0
C0000031,CEREBROFORT GOLD,BTL,18.0,17.0
C0000033,CHLORAMFECORT H CR 10G,TUBE,38.0,38.0
C0000035,CINOLON CR,TUBE,11.0,8.0
C0000037,CIPROFLOXACIN 500MG,STRIP,82.0,79.0
C0000040,CLINDAMYCIN 150MG,STRIP,20.0,20.0
C0000041,CLINDAMYCIN 300MG,STRIP,15.0,18.0
C0000042,CLINOVIR CR 5G,TUBE,7.0,8.0
C0000043,COD LIVER OIL,BTL,39.0,42.0
C0000046,CONTREXIN,STRIP,74.0,89.0
C0000051,COUNTERPAIN 15 GR,TUBE,90.0,89.0
C0000052,COUNTERPAIN 30,TUBE,41.0,43.0
C0000053,COUNTERPAIN 5 GR,TUBE,100.0,101.0
C0000054,COUNTERPAIN 60,TUBE,18.0,19.0
C0000055,CTM PIM,STRIP,240.0,237.0
C0000058,CURCUMA IMUNS,BTL,4.0,3.0
C0000059,CURCUMA PLUS DHA JERUK,BTL,73.0,76.0
C0000060,CURCUMA PLUS DHA STRAW,BTL,44.0,45.0
C0000062,COUNTERPAIN COOL 15GR,TUBE,19.0,20.0
C0000063,COUNTERPAIN COOL 30GR,TUBE,7.0,7.0
C0000064,CATARLENT TM 15 ML,BTL,1.0,4.0
C0000065,CEREBROFORT GOLD STRAW,BTL,13.0,12.0
C0000066,COLDREXIN SYR,BTL,78.0,81.0
C0000067,COMBANTRIN 10ML,BTL,273.0,272.0
C0000070,CAVIPLEX TAB,STRIP,990.0,727.0
C0000071,CANESTEN 5 GR,TUBE,56.0,53.0
C0000072,CALCIFAR PLUS,STRIP,50.0,48.0
C0000073,CEK TEKANAN DARAH,KALI,1.0,1.0
C0000075,COMBANTRIN 250MG,STRIP,225.0,220.0
C0000076,CAVIPLEX SYR,BTL,46.0,45.0
C0000078,CALORTUSIN,STRIP,310.0,302.0
C0000079,COPAL CHEST 25 GR,TUBE,0.0,1.0
C0000080,CURVIT SYR 60 ML,BTL,21.0,19.0
C0000082,CURCUMA PLUS GROW JRK,BTL,25.0,26.0
C0000083,CURVIT CL,BTL,11.0,10.0
C0000083,CURVIT CL,BTL,110.0,107.0
C0000086,CDR JERUK,BTL,174.0,182.0
C0000091,CEREBROFORT MARINE GUMMY ORANGE,SACH,30.0,30.0
C0000092,CEREBROFORT MARINE GUMMY MANGO,SACH,20.0,24.0
C0000092,CEREBROFORT MARINE GUMMY MANGO,SACH,3.0,0.0
C0000097,COUNTERPAIN 120GR,TUBE,8.0,9.0
C0000099,CHILI PLAST,ROL,133.0,160.0
C00001,CALCID PLUS EFF,BTL,6.0,4.0
C0000100,CALADINE BABY POW 50GR,BTL,3.0,2.0
C0000101,COOLING 5 SPRAY,BTL,76.0,72.0
C0000103,CENTABIO GEL,TUBE,43.0,45.0
C0000104,CHILI PLAST KECIL,ROL,121.0,133.0
C0000106,CD SUNAT,PCS,42.0,46.0
C0000107,CALADINE BABY 100GR,BTL,3.0,5.0
C0000110,CATAFLAM FAST 50MG,SACH,18.0,18.0
C0000111,CUSTODIOL,STRIP,21.0,26.0
C0000113,COPARCETIN SYR,BTL,13.0,11.0
C0000115,COPARCETIN KIDS,BTL,36.0,33.0
C0000116,CANDERIN 8,STRIP,0.0,3.0
C0000118,COUNTERPAIN COOL 5GR,TUBE,9.0,11.0
C0000118,COUNTERPAIN COOL 5GR,TUBE,71.0,73.0
C0000126,COLFIN SYR,BTL,49.0,52.0
C0000126,COLFIN SYR,BTL,483.0,474.0
C0000129,COLFIN TAB,STRIP,90.0,99.0
C0000132,CITOCETINE 60ML,BTL,31.0,32.0
C0000139,CATARLENT MINI DOSE,STRIP,1.0,1.0
C0000140,CHILD GO COKLAT 140ML,BTL,75.0,78.0
C0000141,CHILD GO STRAW 140ML,BTL,78.0,74.0
C0000142,CANDESARTAN 8MG,STRIP,22.0,26.0
C0000149,CTM 4MG BTL,BTL,12.0,12.0
C0000152,CHIL GO VANILA 140ML,BTL,72.0,76.0
C0000161,CIMORY,BTL,131.0,130.0
C0000162,CENDO LYTEERS MD,STRIP,19.0,19.0
C0000164,CIMORY KOTAK,KOTAK,6.0,5.0
C0000165,CIMORY MINI,BTL,461.0,455.0
C0000166,CEFADROXIL SYR 60ML,BTL,3.0,2.0
C0000167,CAPTOPRIL 50MG,STRIP,50.0,46.0
C0000169,CARBIDU 0.75MG,STRIP,160.0,157.0
C0000170,COPARCETIN TABLET,STRIP,30.0,31.0
C0000171,CEFIXIME D.S 100MG 30ML,BTL,1.0,1.0
C0000171,CEFIXIME D.S 100MG 30ML,BTL,52.0,55.0
C0000178,CALCIFAR,STRIP,30.0,24.0
C0000179,CEFADROXIL DS 250MG,BTL,1.0,1.0
C0000180,CALORTUSIN SYR 60ML,SYR,22.0,23.0
C0000181,CAZETIN DROP,BTL,7.0,7.0
C0000183,CEFIXIME 200MG KAP,STRIP,40.0,28.0
C0000183,CEFIXIME 200MG KAP,STRIP,9.0,10.0
C0000185,CETZIN KAP,STRIP,0.0,14.0
C0000187,CETIRIZINE SYR 60ML,BTL,10.0,9.0
C0000188,C1000,SCHET,288.0,163.0
C0000189,CAL-95,STRIP,11.0,13.0
C0000190,CINOLON N CR 5GR,TUBE,21.0,16.0
C0000191,CAREPLUS SEPTIAIR,BTL,0.0,2.0
C0000192,CAREPLUS SEPTI WIPES,PCS,0.0,6.0
C0000192,CAREPLUS SEPTI WIPES,PCS,0.0,2.0
C0000194,CLOPIDOGREL TAB 75MG,STRIP,3.0,1.0
C0000195,CUSSONS BABY POWDER 100GR,BTL,1.0,1.0
C0000196,CIMORY SQUEEZE,PCS,204.0,188.0
C0000197,CURCUMA 20MG TABLET,STRIP,30.0,30.0
C0000198,CHILGO MADU 300GR,BOX,1.0,0.0
C0000199,COMTUSI SYR 100ML,BTL,1.0,1.0
C0000200,CETIRIZINE DROPS,BTL,2.0,1.0
C0000201,CAVICUR SYR,BTL,5.0,5.0
C0000201,CAVICUR SYR,BTL,6.0,6.0
C0000203,CURCUMA PLUS HONEY SYR ORI 100ML,BTL,2.0,2.0
C0000204,CAVIPLEX D TAB,STRIP,15.0,3.0
C0000205,CAVIPLEX CDEZ,STRIP,120.0,79.0
C0000205,CAVIPLEX CDEZ,STRIP,2.0,2.0
C0000207,CDR STRIP,STRIP,12.0,0.0
C0000207,CDR STRIP,STRIP,0.0,1.0
C000050,CIMORY UHT 250,BTL,36.0,31.0
C000125,CALADINE ADULT 100GR,BTL,6.0,6.0
C000137,CURVIT KAPLET,STRIP,60.0,63.0
C000140,CANESTEN CR 10G,TUBE,34.0,32.0
C000140,CANESTEN CR 10G,TUBE,2.0,1.0
C000140,CANESTEN CR 10G,TUBE,32.0,35.0
C000144,C2FIT,TAB,240.0,360.0
C000144,C2FIT,TAB,8.0,7.0
C000144,C2FIT,TAB,3.0,3.0
C000147,CTM STRIP,STRIP,170.0,206.0
C000148,CTM SYR 60ML,BTL,0.0,3.0
C000150,CIMORY UHT 125,PCS,240.0,231.0
C000151,CORSLIM 180ML,BTL,0.0,3.0
C000152,CURCUMA ZEDOARIA,BTL,0.0,4.0
D0000001,DACTARIN 5 GR,TUBE,49.0,58.0
D0000002,DECOLGEN,STRIP,75.0,108.0
D0000002,DECOLGEN,STRIP,180.0,173.0
D0000003,DECOLSIN,STRIP,26.0,43.0
D0000005,DEGIROL,STRIP,20.0,14.0
D0000009,DERMATIX ULTRA GEL,TUBE,2.0,2.0
D000001,DEMACOLIN SYR 60ML,BTL,9.0,8.0
D000001,DEMACOLIN SYR 60ML,BTL,421.0,406.0
D000001,DEMACOLIN SYR 60ML,BTL,680.0,696.0
D0000012,DEXANTA SYR,BTL,67.0,67.0
D0000013,DEXTAMINE,TAB,800.0,810.0
D0000014,DEXTEEM,STRIP,32.0,43.0
D0000016,DEXTRAL,STRIP,105.0,47.0
D0000017,DIABETASOL CKLT 180G,BOX,3.0,5.0
D0000018,DIABETASOL VNLA 180G,BOX,2.0,3.0
D0000019,DIAPET,STRIP,0.0,16.0
D000002,DEMACOLIN TAB,STRIP,30.0,10.0
D0000020,DOMPERIDON 10MG,STRIP,175.0,181.0
D0000021,DRAGON MENTHOL HSP,PCS,24.0,24.0
D00000210,DELIPUS TAB,BTL,3.0,3.0
D0000024,DULCOLAX,STRIP,80.0,78.0
D0000024,DULCOLAX,STRIP,1.0,2.0
D0000024,DULCOLAX,STRIP,1.0,0.0
D0000024,DULCOLAX,STRIP,3.0,3.0
D0000024,DULCOLAX,STRIP,7.0,7.0
D0000024,DULCOLAX,STRIP,6.0,8.0
D0000033,DIABETASOL VITA COKL 600 GR,BOX,0.0,1.0
D0000034,DIANE KB,BOX,12.0,12.0
D0000036,DULCOLAX ANAK SUPPO,SUPPO,9.0,7.0
D0000037,DIPROSONE OV,TUBE,3.0,2.0
D0000038,DIAPET NR,STRIP,45.0,36.0
D0000039,DENTASOL GIGI,TUBE,50.0,50.0
D0000040,DIABETASOL VANILA 600 GR,BOX,0.0,2.0
D0000041,DACTARIN CR 10G,TUBE,29.0,32.0
D0000044,DIRECTTEST CAWAN,DUS,18.0,20.0
D000005,DEXKETOPROFEN TAB,STRIP,3.0,3.0
D0000053,DIAPET ANAK,SACH,78.0,68.0
D0000054,DECADRYL SYR,BTL,21.0,20.0
D0000057,DOT DODO 60ML,BTL,0.0,3.0
D0000057,DOT DODO 60ML,BTL,100.0,105.0
D0000064,DETTOL LIQ 250ML,BTL,11.0,12.0
D0000064,DETTOL LIQ 250ML,BTL,0.0,2.0
D0000071,DRAMAMINE,STRIP,90.0,94.0
D0000072,DEXANTA TAB,STRIP,590.0,595.0
D0000075,DETTOL LIQ 100ML,BTL,47.0,44.0
D0000076,DRAGON MENTHOL HSB,PCS,12.0,12.0
D0000077,DARSI KAPSUL,BOX,20.0,24.0
D0000078,DULCOLAK DEWASA SUPPO,SUPPO,15.0,11.0
D0000082,DIPROGENTA,TUBE,7.0,7.0
D0000085,DECADRYL SYR 120 ML,BTL,6.0,9.0
D0000085,DECADRYL SYR 120 ML,BTL,140.0,132.0
D0000087,DEHISTA,STRIP,342.0,314.0
D0000090,DARYANT-TULLE,SACH,70.0,57.0
D0000091,DIAPET SYR 60ML,BTL,17.0,16.0
D0000097,DETTOL LIQ 50ML,BTL,32.0,31.0
D0000098,DOT PIGEON 120ML,BTL,16.0,14.0
D0000099,DOT PIGEON 240ML,BTL,6.0,9.0
D0000100,DE COUGH MENTHOL 60ML,BTL,15.0,28.0
D0000101,DOT PIGEON 50ML,BTL,4.0,9.0
D0000105,DE COUGH STRAWBERY 60ML,BTL,6.0,10.0
D0000106,DEXIGEN CR,TUBE,116.0,119.0
D000017,DEXTRAL SYR 60ML,BTL,12.0,12.0
D0000171,DOMPERIDON SUSP 60ML,BTL,22.0,20.0
D0000172,DE COUGH ORANGE 60ML,BTL,5.0,13.0
D0000173,DESOXIMETHASONE 0.25 CR 15G,TUBE,186.0,188.0
D0000178,DILTIZEM 30MG,STRIP,0.0,18.0
D0000179,DETTOL SOAP 65G,PCS,8.0,6.0
D0000180,DERMAFIX 10X25,PCS,11.0,15.0
D0000184,DIVOLTAR 50MG,STRIP,236.0,226.0
D0000184,DIVOLTAR 50MG,STRIP,2.0,3.0
D0000188,DE COUGH GINGER 60ML,BTL,0.0,6.0
D0000189,DEGIROL STRIP,STRIP,110.0,124.0
D0000191,DOT RELIABLE 240ML,BTL,6.0,9.0
D0000192,DOT RELIABLE 125ML,BTL,7.0,6.0
D0000193,DOT RELIABLE RING JUICE 60ML,BTL,1.0,13.0
D0000194,DRAGON MIYAK SEREH 60ML,BTL,11.0,13.0
D0000195,DRAGON MINYAK SEREH 30ML,BTL,5.0,8.0
D0000196,DERMATIX ULTRA GEL 5GR,TUBE,12.0,12.0
D0000198,DRAGON MINYAK SEREH 100ML,BTL,12.0,11.0
D0000200,DICLOFENAC DIETHYLAMINE 20GR,TUBE,3.0,3.0
D0000204,DICOM TAB,STRIP,40.0,16.0
D0000205,D-CARE,STRIP,0.0,5.0
D0000207,DETTOL LIQ 495ML,BTL,0.0,5.0
D0000208,DETTOL HAND SANITIZER 50ML,BTL,6.0,10.0
D0000210,DICLOFENAC DIETHYLAMINE 50GR,TUBE,3.0,4.0
D0000210,DICLOFENAC DIETHYLAMINE 50GR,TUBE,2.0,2.0
D0000210,DICLOFENAC DIETHYLAMINE 50GR,TUBE,8.0,6.0
D0000213,DAMABEN PAED DROPS,BTL,1.0,1.0
D0000214,DIABETASOL WAFER CKLAT 100GR,BOX,1.0,1.0
D0000215,DAPYRIN SYR 60ML,BTL,1.0,1.0
D0000216,DAY DAY SARANG BURUNG 300ML,KLNG,12.0,10.0
D0000217,DIPROGENTA OINT 5GR,TUBE,1.0,1.0
D000023,DOT SILICON M,PCS,1.0,1.0
D0000789,DERMAFOOT CR 30g,BTL,0.0,1.0
D000209,DETTOL SABUN CUCI TGN,BTL,2.0,0.0
E0000003,ENBATIC POW,SACH,73.0,86.0
E0000003,ENBATIC POW,SACH,40.0,38.0
E0000005,ENKASARI,BTL,18.0,16.0
E0000006,ENTRASOL GOLD CKLT 185G,BOX,2.0,4.0
E0000007,ENTRASOL GOLD VNLA 185G,BOX,6.0,7.0
E0000007,ENTRASOL GOLD VNLA 185G,BOX,0.0,2.0
E000001,ERLAMOL F TAB,STRIP,70.0,70.0
E0000010,ENTROSTOP ANAK,SACH,72.0,54.0
E0000011,ENTROSTOP TAB,STRIP,148.0,143.0
E0000013,EPEXOL SYR 120ML,BTL,18.0,19.0
E0000015,ERLAMYCETIN PLUS TM,TUBE,91.0,91.0
E0000016,ERLAMYCETIN SM,TUBE,62.0,61.0
E0000016,ERLAMYCETIN SM,TUBE,27.0,24.0
E0000016,ERLAMYCETIN SM,TUBE,82.0,84.0
E0000016,ERLAMYCETIN SM,TUBE,200.0,205.0
E0000021,ERLAMICETIN TT,BTL,61.0,62.0
E0000021,ERLAMICETIN TT,BTL,86.0,58.0
E0000027,EASY TOUCH GCU,PCS,2.0,2.0
E0000027,EASY TOUCH GCU,PCS,27.0,23.0
E0000030,EYEFRESH MD,STRIP,20.0,20.0
E0000032,ELKANA TAB,STRIP,70.0,69.0
E0000033,EPEXOL DROP,BTL,5.0,5.0
E0000034,ELKANA SYR,BTL,12.0,11.0
E0000035,ELKANA CL EMULSI,BTL,4.0,3.0
E0000037,EPEXOL TAB,STRIP,90.0,89.0
E0000039,EMPENG S050,PCS,6.0,1.0
E0000040,EVER E,STRIP,13.0,2.0
E0000040,EVER E,STRIP,30.0,29.0
E0000043,ENTRASOL GOLD COKLAT 370GR,DUS,0.0,3.0
E0000044,ESPERSON 5G,TUBE,9.0,9.0
E0000047,EJIAO MADU CINA,BTL,72.0,79.0
E0000049,ETAFLUSIN TAB,STRIP,50.0,40.0
E0000051,EPERISON HCL TAB,STRIP,110.0,108.0
E0000053,ENTRASOL ACTIVE COKLAT 160GR,DUS,0.0,3.0
E0000054,ETAFLUSIN SYR,BTL,15.0,15.0
E0000054,ETAFLUSIN SYR,BTL,192.0,199.0
E0000056,EMTRIX,TUBE,3.0,3.0
E0000067,EMPENG PIGEON STEP 3,PICIS,0.0,4.0
E0000067,EMPENG PIGEON STEP 3,PICIS,9.0,7.0
E0000067,EMPENG PIGEON STEP 3,PICIS,4.0,6.0
E0000073,EDORISAN DROP,BOTOL,0.0,1.0
E0000073,EDORISAN DROP,BOTOL,224.0,224.0
E0000076,ERDOSTEIN 300MG,STRIP,0.0,3.0
E0000080,EGOJI GUMMY JERUK,SACH,117.0,115.0
E0000081,EGOJI GUMMY STRAW,SACH,115.0,108.0
E0000082,EYEVIT TAB,STRIP,40.0,40.0
E0000084,EYEVIT SYR 60ML,BTL,4.0,5.0
E0000086,ENTRASOL ACTIVE COK 360GR,BOX,0.0,1.0
E0000088,ENTRASOL QUICKSTART 30GR,BOX,2.0,3.0
E0000089,ERLAMOL SYR 60ML,BTL,33.0,31.0
E0000090,ECODINE 30ML,BTL,3.0,3.0
E0000091,ECODINE 10ML,BTL,12.0,18.0
E0000092,ECODINE 60ML,BTL,3.0,5.0
E0000092,ECODINE 60ML,BTL,1.0,1.0
E0000097,EMPENG PIGEON STEP2,PCS,0.0,8.0
E0000099,EPIMAXX,BOX,10.0,8.0
E00001,ELSIRON KAPT,STRIP,20.0,17.0
E0000100,ENBATIC SK 10gr,TUBE,11.0,6.0
E0000101,ELANOS KAPLET,TAB,60.0,60.0
E0000102,ENTRASOL PLATINUM VANILA 800GR,KLNG,2.0,1.0
E0000103,ENTRASOL PLATINUM VANILA 400GR,KLNG,1.0,1.0
E0000104,ERLAMOL 500MG TAB,STRIP,20.0,20.0
E0000104,ERLAMOL 500MG TAB,STRIP,10.0,9.0
E0000106,EMPENG PIGEON MINILIGHT STEP 2,PCS,5.0,0.0
E0000107,ESPERSON 15GR,TUBE,4.0,2.0
E0000108,ERPEPSA SUSPENSI 100ML,BTL,3.0,2.0
E0000109,ERPHAMOL DROPS 15ML,BTL,3.0,0.0
E0000110,ERPHAMOL SYR 60ML,BTL,3.0,1.0
E000020,ETABION,STRIP,90.0,83.0
E000025,EUCHA INH,PCS,12.0,12.0
E000025,EUCHA INH,PCS,0.0,3.0
E0000524,EMTURNAS 500MG,STRIP,20.0,20.0
E000072,ERPHAFLAM TAB,STRIP,85.0,63.0
E000078,EDS TTO DISINFECTAN,BTL,0.0,2.0
E000088,ENTRASOL ACTIVE VAN LATTE 160GR,BOX,1.0,2.0
E000090,EMPENG RELIABLE STEP1,PCS,24.0,21.0
E000090,EMPENG RELIABLE STEP1,PCS,6.0,5.0
E000093,ERICFIL 100MG,TAB,0.0,1.0
E000095,ENATIN KAP,BLSTR,0.0,2.0
E000096,ERMUNO KAPLET,STRIP,3.0,9.0
E000097,E-CARE POPOK DEWASA M,PCS,1.0,0.0
E00012,EUCA ROLL ON 8ML,PCS,0.0,1.0
E00013,EUCA INH,PCS,25.0,19.0
E000370,ETAMOX 500MG,STRIP,61.0,84.0
E000371,ETAMOX SYR,BTL,24.0,26.0
F00000001,FERMOL SYR 60ML,BTL,1.0,0.0
F00000001,FERMOL SYR 60ML,BTL,1.0,0.0
F0000002,FARGOXIN,STRIP,10.0,11.0
F0000004,FARMOTEN 25MG,STRIP,40.0,50.0
F0000005,FATIGON,STRIP,145.0,133.0
F0000007,FATIGON SPIRIT,STRIP,128.0,124.0
F0000008,FEMINAX,STRIP,58.0,103.0
F000001,FEMMY VIT D3,BOX,165.0,82.0
F000001,FEMMY VIT D3,BOX,11.0,11.0
F000001,FEMMY VIT D3,BOX,15.0,15.0
F000001,FEMMY VIT D3,BOX,15.0,16.0
F000001,FEMMY VIT D3,BOX,6.0,3.0
F000001,FEMMY VIT D3,BOX,2.0,2.0
F0000019,FISHQUA,BTL,1.0,3.0
F0000020,FITKOM TAB ANGGUR,BTL,20.0,22.0
F0000021,FITKOM TAB JERUK,BTL,18.0,19.0
F0000022,FITKOM TAB STRAW,BTL,23.0,26.0
F0000024,FOLAVIT 400MG,STRIP,230.0,221.0
F0000025,FRESH CARE CITRUS,BTL,213.0,201.0
F0000026,FRESH CARE GREEN TEA,BTL,66.0,62.0
F0000027,FRESH CARE LAVENDER,BTL,55.0,54.0
F0000030,FRESH CARE STRONG,BTL,613.0,608.0
F0000031,FUNGIDERM 5 GR,TUBE,45.0,56.0
F0000036,FORUMEN TT,BTL,57.0,58.0
F0000038,FRUIT 18 JR,BTL,1.0,2.0
F0000039,FUROSEMIDE 40 MG,STRIP,117.0,126.0
F0000039,FUROSEMIDE 40 MG,STRIP,16.0,18.0
F0000039,FUROSEMIDE 40 MG,STRIP,24.0,23.0
F0000039,FUROSEMIDE 40 MG,STRIP,17.0,17.0
F0000044,FASIDOL,STRIP,640.0,637.0
F0000046,FASIDOL FORTE,STRIP,130.0,132.0
F000005,FARMABEX C,STRIP,0.0,17.0
F0000050,FULADIC CR 5GR,TUBE,4.0,5.0
F0000054,FLUCADEX TAB,STRIP,230.0,238.0
F0000056,FLADYSTIN OVULA,SUPP,50.0,60.0
F0000057,FASIDOL SYR,BTL,42.0,40.0
F0000060,FUNGIDERM 10GR,TUBE,59.0,55.0
F0000072,FLUMIN,STRIP,100.0,99.0
F0000073,FLOXIFAR,STRIP,70.0,64.0
F0000074,FLUMIN SYR,BTL,20.0,22.0
F0000079,FARSIFEN SYR,BTL,12.0,11.0
F0000081,FARSIFEN 400MG TAB,STRIP,94.0,96.0
F0000085,FOLAMIL GENIO,BTL,36.0,38.0
F0000085,FOLAMIL GENIO,BTL,0.0,1.0
F0000085,FOLAMIL GENIO,BTL,0.0,1.0
F0000090,FOLAMIL GOLD,BTL,9.0,9.0
F0000091,FAXIDEN 20MG,STRIP,171.0,188.0
F00001,FLOXIGRA 500MG,STRIP,20.0,16.0
F0000100,FLIMTY,SACH,32.0,2.0
F0000100,FLIMTY,SACH,3.0,4.0
F0000106,FENOFIBRATE 300MG,STRIP,0.0,1.0
F0000107,FLUTAMOL KAPLET,STRIP,160.0,156.0
F0000108,FOLAVICAP 1000,STRIP,20.0,14.0
F0000109,FORMICAL-B,STRIP,5.0,5.0
F0000110,FEMMY TRIMUNE,BOX,79.0,25.0
F0000111,FARMALAT,STRIP,10.0,0.0
F0000112,FLUNADIN TAB,STRIP,20.0,13.0
F0000113,FITSO HAND SANITIZER 100ML SPRAY,BTL,3.0,3.0
F0000114,FITSO SOAP SULFUR 70GR,PCS,2.0,1.0
F0000115,FITSO SOAP 70GR,PCS,2.0,2.0
F0000116,FRESH CARE EUCALYPTUS PATCH,PCS,2.0,1.0
F0000117,FLUTAMOL SYR 60ML,BTL,6.0,0.0
F000036,FARIZOL KAPLET,STRIP,31.0,30.0
F000055,FLUCADEX SYR 60ML,BTL,34.0,30.0
F000075,FASIDOL FORTE SYR,BOTOL,28.0,28.0
F000077,FARSIFEN PLUS,STRIP,250.0,259.0
F000078,FASIDOL DROP,BTL,12.0,13.0
F000078,FASIDOL DROP,BTL,14.0,14.0
F000078,FASIDOL DROP,BTL,64.0,63.0
F000082,FAXIDEN GEL 10GR,TUBE,2.0,0.0
F000082,FAXIDEN GEL 10GR,TUBE,2.0,2.0
F000084,FIBRIL 250MG KAPS,STRP,6.0,8.0
F000085,FRESH CARE MKP,FLS,58.0,56.0
F000085,FRESH CARE MKP,FLS,5.0,6.0
F000089,FITAMINO,SACH,0.0,5.0
F000091,FLUANZA KPT,STRIP,110.0,104.0
F000092,FITUNO,STRIP,1.0,15.0
F000093,FACE SHIELD,PCS,0.0,10.0
G0000001,GANDAPURA LANG 30 ML,BTL,56.0,57.0
G0000002,GANDAPURA LANG 60 ML,BTL,91.0,84.0
G0000006,GELIGA CAIR 30 ML,BTL,54.0,49.0
G0000007,GELIGA CAIR 60 ML,BTL,12.0,15.0
G0000008,GELIGA CREAM 60GR,TUBE,5.0,9.0
G0000009,GELIGA CREAM 30GR,TUBE,5.0,9.0
G000001,GENTALEX CR,TUBE,6.0,3.0
G00000105,GOOD DAY BTL,BTL,60.0,54.0
G0000014,GLIBENCLAMID 5MG,STRIP,97.0,97.0
G0000015,GLUCOPHAGE 500MG,TAB,500.0,590.0
G0000016,GLUDEPATIC 500MG,STRIP,71.0,73.0
G0000017,GOM,BTL,145.0,165.0
G0000018,GPU 30 ML,BTL,180.0,175.0
G0000019,GPU 60 ML,BTL,150.0,155.0
G0000023,GAMAT SAR 30,BTL,48.0,50.0
G0000025,GRAZEO,STRIP,888.0,885.0
G0000026,GENTAMICYN CR,TUBE,112.0,124.0
G0000027,GOMARS,DUS,35.0,36.0
G0000028,GASTRUCID SYR,BTL,107.0,107.0
G0000029,GASTRUCID TAB,STRIP,63.0,48.0
G0000030,GAZERO,SACH,381.0,323.0
G0000031,GENOINT SK,TUBE,27.0,28.0
G0000033,GENTIAN VIOLET,BTL,816.0,837.0
G0000035,GOLD G,BTL,10.0,10.0
G0000038,GENALTEN CR 5GR,TUBE,104.0,103.0
G0000043,GUANISTREP SYR,BTL,24.0,23.0
G0000047,GRAFADON,STRIP,540.0,560.0
G0000049,GLUCOSAMINE 500MG,STRIP,0.0,9.0
G0000053,GPU KRIM 150GR,POT,31.0,31.0
G0000057,GRAFALIN 4MG,STRIP,90.0,83.0
G0000058,GRAFALIN 2MG,STRIP,160.0,157.0
G0000059,GLIMEPIRIDE 2MG,STRIP,105.0,116.0
G0000063,GINIFAR,STRIP,150.0,153.0
G0000064,GPU JAHE 30ML,BTL,21.0,19.0
G0000067,G BUMIN,BTL,228.0,228.0
G0000068,GRANTUSIF TAB,STRIP,790.0,783.0
G0000070,GRAFACHLOR,STRIP,104.0,91.0
G0000077,GREEN OIL HERBAL 5ML,PCS,7.0,6.0
G0000080,GLIKOS 500MG,STRIP,130.0,135.0
G0000084,GOFRESS ECOPACK,PCS,0.0,4.0
G0000085,GRAFAMIC,STRIP,91.0,95.0
G0000086,GABAPETIN KAP 300MG,STRIP,61.0,66.0
G0000087,GITARAMIN,STRIP,10.0,21.0
G0000088,GENOINT SM,TUBE,32.0,30.0
G0000089,GASELA TAB,STRIP,80.0,76.0
G0000092,GPU KRIM 60GR,PCS,27.0,22.0
G0000093,GPU KRIM JAHE 150G,POT,3.0,1.0
G0000097,GENOINT TM,FLS,1.0,2.0
G0000099,GF MILK UHT 125ML,PCS,47.0,51.0
G0000100,GPU PALA 30ML,BTL,18.0,14.0
G0000101,GELIGA STICK 10GR,PCS,0.0,7.0
G0000105,GLIQUIDONE 30MG,STRIP,20.0,30.0
G0000108,GOTIK 5ML,BTL,6.0,9.0
G0000109,GPU KRIM JAHE 60G,POT,3.0,3.0
G0000110,GPU SEREH SCHT,SCHT,0.0,12.0
G0000111,GOLDTRION,STRIP,0.0,3.0
G0000112,GLUCOSAMINE PATCH,PCS,0.0,4.0
G0000113,GLUCOPHAGE XR 500MG,STRIP,0.0,1.0
G0000116,GOLDEN GINGER CAN HERB CLASSIC HOT 150GR,KLG,1.0,0.0
G0000117,GOLDEN GINGER CHEWS GINGER BROWN SUGAR 125GR,CAN,2.0,1.0
G0000118,GRAFADON FORTE TAB,STRIP,10.0,3.0
G0000168,GREEN OIL 10ML,BTL,8.0,9.0
G000113,GLUCOSAMINE PLUS,STRIP,5.0,2.0
G002,CEK KOLESTEROL,KALI,1.0,1.0
G004,GELAS CUCI MATA,PCS,6.0,3.0
H0000001,HANSAPLAST,PCS,810.0,910.0
H0000002,HANSAPLAST ROL B,ROL,68.0,75.0
H000000247,HNS BRIGHT UP SERUM,BTL,0.0,1.0
H0000003,HANSAPLAST ROL K,ROL,3.0,70.0
H0000004,HEMAVITON ACTION,STRIP,110.0,109.0
H0000005,HEMAVITON STAMINA,STRIP,240.0,221.0
H0000006,HEROCYN TALK 85G,BTL,116.0,113.0
H0000007,HUFAGRIP BP,BTL,325.0,319.0
H0000008,HUFAGRIP FLU,BTL,594.0,603.0
H0000009,HUFAGRIP PILEK,BTL,152.0,151.0
H000001,HI D1000,STRIP,5.0,5.0
H0000010,HUFAGRIP TMP,BTL,93.0,93.0
H0000011,HYPAFIX,ROL,102.0,102.0
H0000012,HABBATUSAUDA 120,BTL,24.0,25.0
H0000013,HUFAGRIP FORTE,STRIP,260.0,261.0
H0000014,HUFAMYCETIN,STRIP,21.0,13.0
H0000014,HUFAMYCETIN,STRIP,86.0,91.0
H0000016,HYPAFIX 5CMx5M,ROL,6.0,6.0
H0000017,HUFAMYCETIN SYR,BTL,8.0,11.0
H0000018,HEROCYN TALK 150G,BTL,58.0,63.0
H0000019,HISTIGO,STRIP,152.0,152.0
H0000020,HUKI NIPLE,PCS,7.0,7.0
H0000022,HOTIN CREAM,BTL,17.0,16.0
H0000022,HOTIN CREAM,BTL,135.0,130.0
H00000246,HNS RICH NUTRION SERUM,BTL,0.0,1.0
H0000026,HABBATUSAUDA 210,BTL,13.0,12.0
H0000030,HUFAMAG PLUS TAB,STRIP,360.0,363.0
H0000032,HEROCYN BABY 200GR,BTL,10.0,12.0
H0000034,HOTIN AROMATHERAPY 120ML,BTL,5.0,7.0
H0000035,HUFRALGIN,STRIP,70.0,69.0
H0000035,HUFRALGIN,STRIP,50.0,29.0
H0000042,HOTIN CREAM TUBE 120GR,TUBE,37.0,37.0
H0000043,HOTIN CREAM TUBE 60GR,TUBE,65.0,67.0
H0000044,HANSAPLAS AMPLOP,AMP,62.0,70.0
H0000049,H BOOSTER,BTL,42.0,38.0
H0000050,HUFAMAG SYR,BTL,60.0,64.0
H0000051,HOTIN AROMATHERAPY TUBE 60ML,TUBE,30.0,27.0
H0000052,HOTIN AROMATHERAPY TUBE 120,TUBE,13.0,15.0
H0000055,HAPPY KEMIRI,BTL,6.0,6.0
H0000057,HOTIN CREAM 60 ML,BTL,44.0,43.0
H0000058,HOTIN AROMATHERAPY 60ML,BTL,19.0,23.0
H0000059,HERBAKOF SYR 60ML,BTL,12.0,14.0
H0000060,HEMAVITON CARDIO,STRIP,8.0,11.0
H0000061,HOTIN DCL 30GR,TUBE,2.0,4.0
H0000065,HOTIN DCL 60GR,TUBE,6.0,7.0
H0000067,HEROCYN BABY 100GR,BTL,28.0,24.0
H0000068,HUFAGESIC SYR 60ML,BOTOL,12.0,11.0
H0000069,HUFAGESIC,STRIP,570.0,561.0
H0000069,HUFAGESIC,STRIP,12.0,12.0
H0000069,HUFAGESIC,STRIP,0.0,11.0
H0000069,HUFAGESIC,STRIP,3.0,8.0
H0000069,HUFAGESIC,STRIP,0.0,6.0
H0000069,HUFAGESIC,STRIP,0.0,12.0
H0000077,HOTIN STRONG TUBE 60GR,TUBE,83.0,79.0
H0000079,HOTIN KOYO AROMTRPY,PCS,49.0,46.0
H000008,HOTIN STRONG BTL 60ML,BTL,3.0,3.0
H0000083,HUFANOXIL 500MG,STRIP,250.0,241.0
H0000084,HISTAPAN,STRIP,50.0,54.0
H0000092,HELIATECH SUNSCREEN SPF 45 30ML,TUBE,4.0,5.0
H0000095,HELIXIM TAB,STRIP,0.0,3.0
H0000098,HUFANEURON,STRIP,11.0,15.0
H0000099,HUFABION,STRIP,30.0,59.0
H0000100,HEEL-SOFT 20GR,TUBE,1.0,3.0
H0000101,HI C1000,BTL,36.0,36.0
H0000193,HUFAGESIC DROP,BTL,5.0,6.0
H000047,HALOWELL VIT C 500MG,BTL,2.0,2.0
H0000489,HOTIN STRONG TUBE 120GR,TUBE,40.0,38.0
H0000491,HAND SANITIZER REFILL,ML,0.0,1.0
H0000493,HEVIT-C 500MG,STRIP,190.0,187.0
H0000494,HOLIMOX 500MG,STRIP,50.0,60.0
H0000495,HEMAVITON C1000,BTL,0.0,5.0
H0000496,HERBATIA SARI OXYFIT,BOX,0.0,2.0
H0000497,HERBATIA SARI IMUNO,BOX,0.0,2.0
H0000498,HERBORIST ALOE VERA GEL 100,PCS,1.0,1.0
H0000499,HABBATUSSAUDA ALYA MINYAK,BTL,9.0,8.0
H0000500,HERBORIST MINYAK ZAITUN,BTL,1.0,1.0
H0000501,HEVIT C PLUS,STRIP,282.0,262.0
H0000502,HAU FUNG SAN,BTL,12.0,6.0
H0000503,HEVIT C 1000MG,STRIP,40.0,24.0
H0000503,HEVIT C 1000MG,STRIP,11.0,0.0
H000078,HOTIN STRONG BOTOL 120ML,BTL,29.0,25.0
H000080,HANSAPLAST SPRAY,BTL,0.0,1.0
H000082,HUFADEXTAMIN TABLET,STRP,190.0,196.0
H000082,HUFADEXTAMIN TABLET,STRP,0.0,5.0
H000085,HANSAPLAT ROLL 15CM,ROLL,1.0,5.0
H000088,HERBA VOMITZ SYR 60ML,BTL,2.0,4.0
H000092,HISTAKLOR 2MG,STRIP,71.0,62.0
H000093,HUFANACEA SYR,BTL,0.0,1.0
H000095,HAND GEL 60ML,BTL,0.0,1.0
H000096,HANDRUB ANTISEPTIC 500ML,BTL,0.0,1.0
H000097,HANASUI SERUM VITAMIN C,PCS,0.0,1.0
H000369,HOTIN BALSEM,BTL,6.0,8.0
H000425,HANASUI BODY SPA GEL W.C,BTL,0.0,2.0
H000456,HUFALLERZIN EXP SYR,BTL,0.0,2.0
H00098,HERBORIST PEMBERSIH TANGAN 60ML,BTL,0.0,1.0
H00457,HUFABETHAMIN SYR,BTL,9.0,5.0
I0000001,IBUPROFEN 400MG,STRIP,482.0,501.0
I00000028,IMBOOST SYR 120ML,BTL,3.0,3.0
I0000007,INCIDAL OD,TAB,300.0,341.0
I0000008,INERSON OINT 15G,TUBE,21.0,20.0
I0000009,INSTO REG,BTL,330.0,329.0
I0000011,INTUNAL FORTE,STRIP,275.0,284.0
I0000012,INZA,STRIP,25.0,34.0
I0000013,INZANA,STRIP,25.0,23.0
I0000014,IPI A,BTL,18.0,20.0
I0000015,IPI B KOMPLEX,BTL,91.0,91.0
I0000017,IPI C,BTL,192.0,193.0
I0000018,IMUNOS SYR,BTL,0.0,1.0
I000002,ITAMOL TAB,STRIP,10.0,10.0
I0000020,IMBOOST FORCE SYR,BTL,74.0,66.0
I0000022,ISOSORBIDE DINITRATE,STRIP,210.0,221.0
I0000027,IMBOOST SYR,BTL,73.0,68.0
I0000028,INPEPSA 100 ML,BTL,20.0,20.0
I0000028,INPEPSA 100 ML,BTL,0.0,1.0
I0000031,INFLASONE KAPLET,STRIP,740.0,730.0
I0000035,INFUSAN RL WIDARTA,FLS,140.0,86.0
I0000036,INFUSAN NACL WIDATRA,BTL,200.0,194.0
I0000042,INTERNOLOL,STRIP,0.0,6.0
I0000043,INFALGIN,STRIP,170.0,176.0
I0000047,I FACE SERUM 10ML,BTL,0.0,1.0
I0000050,INTUNAL SYR 60ML,BTL,62.0,59.0
I0000051,ITRACONAZOLE 100MG,STRIP,0.0,1.0
I0000053,INAMID TAB,STRIP,30.0,34.0
I0000056,ITRABAT SYR 100ML,BTL,19.0,20.0
I0000058,IFREE,BOX,2.0,3.0
I0000059,IMBOOST EFFERVESCENT JRK,BTL,38.0,38.0
I0000060,IMUNVIT SYR 60ML,BTL,0.0,3.0
I0000061,INSTO DRY EYES,BTL,3.0,3.0
I0000061,INSTO DRY EYES,BTL,0.0,11.0
I0000063,IMBOOST FORCE SYR 120ML,BTL,4.0,4.0
I0000064,IMBOOST KIDS SYR 45ML,BTL,1.0,1.0
I0000064,IMBOOST KIDS SYR 45ML,BTL,42.0,38.0
I0000066,IPI D3 1000,BTL,3.0,0.0
I0000067,IMODIAR 2MG TAB,STRIP,10.0,0.0
I0000067,IMODIAR 2MG TAB,STRIP,10.0,10.0
I000031,INFUSET OTSUKA,SET,1.0,0.0
I000058,IMBOOST FORCE ES,TAB,335.0,306.0
I00032,INFUSET DWS,PCS,5.0,3.0
J0000001,JESSCOOL,PCS,104.0,97.0
J00000014,JOHNSON BABY OIL REG 50 ML,BTL,8.0,5.0
J0000003,JF SULFUR ACNE SKIN CARE 90 GR,PCS,20.0,18.0
J0000012,JOHNSON BABY OIL REG 125,BTL,8.0,6.0
J0000013,JAMKHO,BTL,0.0,1.0
J0000014,JAGUAR,BOX,0.0,15.0
J0000015,JATI CINA TUBRUK,BKS,25.0,24.0
J0000017,JOINT MAX,STRIP,20.0,22.0
J0000018,JONHSON POWDER 50GR,BTL,12.0,10.0
J0000020,JOHNSONS POWDER 100GR,BTL,23.0,23.0
J00000207,JOHNSON COTTONTOUCH 200ML,BTL,3.0,1.0
J0000022,JOHNSON BABY COLOGNE 100ML,BTL,9.0,7.0
J0000024,JOHNSONS POWDER 150GR,BTL,12.0,7.0
J0000024,JOHNSONS POWDER 150GR,BTL,3.0,3.0
J0000027,AMH JAHE MERAH RENTENG,SACH,0.0,67.0
J0000028,JERSI,BOX,0.0,3.0
J0000029,JAHE INSTAN WITTON,PCS,5.0,5.0
J0000030,JF SULFUR DERMAMED 90GR,PCS,15.0,15.0
J0000031,JOHNSON BABY CREAM 50GR,PCS,2.0,2.0
J0000032,JARUM INSULIN MICROFINE UNGU 31X5,PCS,100.0,9.0
J0000033,JF SULFUR ANTI ACNE 65GR,PCS,4.0,1.0
J0000078,JATI CINA CELUP PRIMA,BOX,22.0,18.0
J000008,JAMSI,BTL,0.0,1.0
J000008,JAMSI,BTL,3.0,3.0
K00000,KARTU STOK,PCS,100.0,5.0
K0000002,KALCINOL-N CR 5G,TUBE,12.0,13.0
K00000029,KOMIX KIDS OBH PE,PCS,60.0,43.0
K0000004,KALNEX 500MG,TAB,200.0,110.0
K0000006,KALPANAX KRIM,TUBE,246.0,253.0
K0000007,KANDISTATIN DROP SUSP 12ML,BTL,46.0,43.0
K0000009,KAPSIDA,BTL,132.0,145.0
K0000010,KAPSUL TUNTAS,BOX,47.0,40.0
K0000013,KENALOG IN ORABASE 5G,TUBE,4.0,4.0
K0000013,KENALOG IN ORABASE 5G,TUBE,214.0,234.0
K00000145,KOPI BORNEO,SACH,50.0,50.0
K0000015,KETOMED CR 15G,TUBE,14.0,16.0
K0000016,KETOMED SHAMPO,BTL,11.0,12.0
K0000017,KETOPROFEN 50MG,STRIP,20.0,15.0
K0000019,KINOKI,PCS,40.0,60.0
K0000021,KLODERMA CR 10G,TUBE,228.0,230.0
K0000022,KLODERMA CR 5G,TUBE,38.0,40.0
K0000023,KLODERMA OINT 10G,TUBE,26.0,27.0
K0000024,KLODERMA OINT 5G,TUBE,58.0,59.0
K0000025,KOMIX JAHE,SACH,330.0,270.0
K0000026,KOMIX JERUK NIPIS,SACH,300.0,242.0
K0000027,KOMIX KIDS MADU,SACH,50.0,38.0
K0000028,KOMIX KIDS STRAW,SACH,30.0,27.0
K0000029,KOMIX OBH,SACH,361.0,354.0
K0000030,KOMIX PEPPERMINT,SACH,500.0,480.0
K0000032,KONICARE M.TELON PLUS 60ML,BTL,10.0,9.0
K0000033,KONIDIN,STRIP,200.0,205.0
K0000034,KONVERMEX,BTL,15.0,15.0
K0000038,KAPAS 250 GR BIRU,BAL,4.0,5.0
K0000047,KASSA STERIL DRC,BOX,1.0,1.0
K0000055,KANA,TUBE,2.0,2.0
K0000056,KAKAK TUA,BTL,63.0,65.0
K0000057,KONVERMEX SYR 250MG,BTL,12.0,13.0
K0000058,KONICARE M.TELON 60ML,BTL,9.0,5.0
K0000059,KONICARE M. KAYU PUTIH 60ML,BTL,2.0,4.0
K0000060,KEJIBELING IKONG,STRIP,161.0,156.0
K0000064,KETOCONAZOLE TAB,STRIP,190.0,188.0
K0000065,KALIUM DIKLOFENAK 50MG,STRIP,187.0,205.0
K0000066,KLORFESON CR,TUBE,88.0,81.0
K0000068,KARET DOT DODO,PCS,0.0,15.0
K0000069,KAPAS GULUNG 50GR,PCS,0.0,22.0
K0000071,KOTAK P3K DINDING,PCS,7.0,6.0
K0000073,KOOL FEVER BABY,SACH,59.0,69.0
K0000074,KOOL FEVER KID,SACH,74.0,75.0
K0000077,KONICARE M.TELON PLUS 125ML,BTL,7.0,7.0
K0000079,KANA WHITE 15GR,TUBE,7.0,6.0
K0000080,KANA WHITE 30GR,TUBE,5.0,7.0
K0000080,KANA WHITE 30GR,TUBE,200.0,204.0
K0000086,KONICARE BABY DIAPER 60G,TUBE,9.0,8.0
K0000087,KLOROFIL,BTL,14.0,14.0
K0000088,KINDEREN BABY BALSAM,TUBE,0.0,2.0
K0000089,KONICARE M.TELON 125ML,BTL,8.0,5.0
K0000090,MINYAK KEMIRI,BTL,3.0,3.0
K0000093,KAPAS GULUNG 100GR,PCS,0.0,6.0
K0000094,KONVERMEX KAPSUL 250MG,STRIP,30.0,37.0
K0000095,KIRANTI,BTL,48.0,25.0
K0000096,KAPAS BIRU IKG,PCS,1.0,0.0
K0000097,KAPAS 500GR BIRU,BAL,25.0,24.0
K0000100,KULDON,STRIP,90.0,65.0
K0000101,KOMIX HERBAL,TUBE,60.0,64.0
K0000102,KONICARE M.KAYU PUTIH PLUS 30ML,BTL,3.0,2.0
K0000103,KOMPOLAX SYR,BTL,11.0,11.0
K0000136,KAPAS SELECTION,PCS,48.0,48.0
K0000138,KAPAS GULUNG BIRU 25GR,PCS,0.0,8.0
K0000140,KONICARE M.KAYU PUTIH PLUS 60ML,BTL,3.0,0.0
K0000141,KUTILOS,BTL,20.0,20.0
K0000142,KOMIX HERBAL LEMON,BTL,96.0,112.0
K0000143,KOOL FEVER ADULT,PCS,13.0,13.0
K0000146,KARET DOT YOUNG YOUNG,PCS,0.0,1.0
K0000148,KAPSUL JAMU IBU MADURA,BTL,83.0,82.0
K0000148,KAPSUL JAMU IBU MADURA,BTL,160.0,160.0
K0000152,KOYO HANGAT TAKAHI,PCS,0.0,14.0
K0000153,KOPI PEDE,SACH,290.0,289.0
K0000156,KARET DOT RELIABLE,PCS,76.0,76.0
K0000156,KARET DOT RELIABLE,PCS,2.0,7.0
K0000156,KARET DOT RELIABLE,PCS,0.0,7.0
K0000160,KIRANTI ORANGE,BTL,29.0,26.0
K0000160,KIRANTI ORANGE,BTL,0.0,8.0
K0000162,KOTEX OVERNIGHT 28CM,PCS,0.0,2.0
K0000162,KOTEX OVERNIGHT 28CM,PCS,0.0,4.0
K0000165,KOMPRES XTRA COOL,SCHT,36.0,27.0
K0000166,KARET DOT RELIABLE GEPENG,PCS,39.0,72.0
K0000167,KOTEX OVERNIGHT 41CM,PCS,1.0,2.0
K0000169,KONICARE MINYAK TELON 30ML,BTL,5.0,6.0
K0000170,KONICARE M.TELON PLUS 30ML,BTL,5.0,3.0
K0000170,KONICARE M.TELON PLUS 30ML,BTL,0.0,2.0
K0000174,KOMIX HERBAL SACH,SACH,18.0,12.0
K0000176,KENSHIN,STRIP,336.0,333.0
K0000177,KOPI KARKASA,PCS,50.0,48.0
K0000180,KAPSUL TAPAK DARA,BTL,0.0,4.0
K0000182,KRIM 88 ANTI JAMUR,TUBE,21.0,19.0
K0000182,KRIM 88 ANTI JAMUR,TUBE,12.0,18.0
K0000185,KONICARE TELON EXTRA LEMONGRASS 60ML,BTL,0.0,3.0
K0000186,KONICARE M.KAYU PUTIH PLUS 125ML,BTL,3.0,0.0
K0000187,KONICARE NATURAL STRETCH MARKS OIL,BTL,1.0,0.0
K0000188,KINA,STRIP,24.0,13.0
K0000189,KAPSUL GEMUKKU,BTL,8.0,6.0
K000065,KETOCONAZOLE CR 15G,TUBE,12.0,6.0
K00007,KALPANAX KRIM 10g,TUBE,6.0,6.0
K0000789,KAPAS KHARISMA 30g,PCS,121.0,121.0
K000138,KARET DOT PIGEON,PCS,204.0,218.0
L0000001,LACTACID BABY,BTL,119.0,117.0
L0000003,LACTO-B,SACH,560.0,580.0
L0000005,LAMESON 4MG,TAB,109.0,177.0
L0000006,LANG INHALER,PCS,30.0,35.0
L0000007,LANSOPRAZOLE,STRIP,129.0,138.0
L0000009,LASERIN 30 ML,BTL,109.0,86.0
L0000010,LAXING,STRIP,100.0,83.0
L00000100,LOKEV KAP,STRIP,120.0,108.0
L00000100,LOKEV KAP,STRIP,180.0,161.0
L0000012,LIVRON B-PLEX,STRIP,10.0,21.0
L0000014,LORATADINE 10MG,TAB,500.0,510.0
L0000015,LOTTE,BTL,83.0,87.0
L0000016,LELAP,STRIP,0.0,1.0
L0000018,LASERIN 60ML,BTL,129.0,124.0
L0000019,LIKOKALK,STRIP,344.0,355.0
L0000019,LIKOKALK,STRIP,290.0,270.0
L0000029,LISINOPRIL 10MG,STRIP,13.0,20.0
L0000033,LASERIN 110ML,BTL,93.0,89.0
L0000034,LASERIN MADU 60ML,BTL,33.0,33.0
L0000037,LIKOKALK PLUS,STRIP,40.0,33.0
L0000045,LISTERIN GREEN TEA 80,BTL,2.0,2.0
L0000046,LAMESON 8MG,TAB,102.0,88.0
L0000047,LISTERINE COOL MINT 250ML,BTL,28.0,29.0
L0000051,LAMANDEL,POT,1.0,0.0
L0000052,LAPIBAL,STRIP,40.0,40.0
L0000054,LAXADINE 60ML,BTL,4.0,4.0
L0000063,LASERIN MADU 30ML,BTL,48.0,13.0
L0000064,LOLLIPOP,PCS,2.0,29.0
L0000067,L-BIO,SACH,61.0,72.0
L0000069,LISTERIN MULTI PROTECT 250ML,BTL,2.0,0.0
L0000072,LO HAN KUO,KOTAK,0.0,3.0
L0000073,LISTERIN COOL MINT 80ML,BTL,19.0,21.0
L0000074,LERZIN,STRIP,395.0,389.0
L0000075,LACTACY BABY 150ML,BTL,56.0,58.0
L0000077,LATIBET 5MG,STRIP,210.0,212.0
L0000078,11,BTL,50.0,54.0
L0000086,12,BTL,54.0,58.0
L0000089,LORIHIS SYR 5MG 60ML,BTL,2.0,2.0
L0000091,LERZIN SYR,BTL,77.0,75.0
L0000092,LE MINERAL 600ML,BTL,216.0,214.0
L0000093,LE MINERAL 330ML,BTL,72.0,104.0
L0000095,LISTERIN FRESH BURST 80ML,BTL,23.0,24.0
L0000096,LISTERIN TARTAR 250ML,BTL,2.0,2.0
L0000097,LOLLIPOP BESAR,PCS,0.0,5.0
L0000099,LERZIN DROP,BTL,8.0,7.0
L0000100,LANPEPSA 120ML,BTL,9.0,8.0
L0000100,LANPEPSA 120ML,BTL,30.0,36.0
L0000102,LASEGAR KLG ANAK,KLG,45.0,55.0
L0000103,13,BTL,26.0,26.0
L0000104,LISINOPRIL 5MG,STRIP,15.0,12.0
L0000105,LAMBUCID SYR 60ML,BTL,15.0,12.0
L0000106,LACTACYD FEMININE 60ML,BTL,10.0,9.0
L0000107,14,BTL,6.0,5.0
L0000108,LISTERINE MULTI PROTECT ZERO 100ML,BTL,2.0,1.0
L0000108,LISTERINE MULTI PROTECT ZERO 100ML,BTL,20.0,15.0
L0000110,LACTAMOR KAPLET,STRIP,12.0,10.0
L0000205,LOSTACEF SYR,BTL,8.0,6.0
L000021,LOSTACEF,STR,25.0,28.0
L000022,L-CAL KAP 5X6,STRIP,10.0,6.0
L000023,LEVOFLOXACIN 500MG,STRIP,6.0,4.0
L000025,LACTULOSE SYR,BTL,13.0,14.0
L000027,LISTERIN FRESH BURSTN 250ML,BTL,26.0,27.0
L0000273,SABUN PEPAYA LEORA 135GR,PCS,2.0,2.0
L000028,LAMANDEL SCHT,SCHT,72.0,84.0
L000029,LISTERINE SIWAK 250ML,BTL,3.0,2.0
L000029,LISTERINE SIWAK 250ML,BTL,25.0,48.0
L000080,LISTERIN ORI 250ML,BTL,1.0,1.0
L00029,LACTACYD BABY 250ML,BTL,28.0,25.0
L00039,LIQUID LOUNDRY DETERGEN 500ML,BTL,0.0,2.0
M00000,MUCOHEXIN ELIXIR SYR,BTL,29.0,29.0
M0000004,M. TELON LANG 100 ML,BTL,12.0,11.0
M0000006,M. TELON LANG 60 ML,BTL,6.0,11.0
M0000007,MY BABY TELON PLUS 60 ML,BTL,220.0,230.0
M0000008,MY BABY TELON PLUS 90 ML,BTL,203.0,208.0
M0000009,M. URUT DRAGON,BTL,22.0,13.0
M0000014,MARCKS CRME,PCS,19.0,18.0
M0000015,MARCKS PUTIH,PCS,12.0,12.0
M0000016,MARCKS ROSE,PCS,12.0,13.0
M0000017,MASKER KARET,PCS,700.0,751.0
M0000018,MECOBALAMINE 500MG,STRIP,140.0,144.0
M0000018,MECOBALAMINE 500MG,STRIP,31.0,30.0
M0000020,MEDIKLIN GEL 15G,TUBE,6.0,5.0
M0000021,MEDIQUIN CR 15G,TUBE,0.0,2.0
M0000024,MELANOX CR 15G,TUBE,13.0,12.0
M0000025,MELANOX FORTE CR 15G,TUBE,8.5,9.5
M0000026,MELOXICAM 15MG,STRIP,106.0,112.0
M0000026,MELOXICAM 15MG,STRIP,98.0,102.0
M0000029,MERTIGO 6MG,TAB,203.0,185.0
M0000030,METFORMIN 500MG,STRIP,916.0,858.0
M0000031,METHILPREDNISOLONE 16MG,STRIP,71.0,67.0
M0000032,METHILPREDNISOLONE 4MG,STRIP,888.0,881.0
M0000033,METHILPREDNISOLONE 8MG,STRIP,180.0,187.0
M0000034,METRONIDAZOLE,STRIP,70.0,66.0
M0000036,MICROGYNON KB,BOX,230.0,240.0
M0000041,MIXAGRIP,STRIP,125.0,141.0
M0000042,MKP LANG 120 ML,BTL,70.0,64.0
M0000043,MKP LANG 15 ML,BTL,252.0,259.0
M0000044,MKP LANG 210 ML,BTL,27.0,29.0
M0000045,MKP LANG 30 ML,BTL,407.0,406.0
M0000046,MKP LANG 60 ML,BTL,352.0,358.0
M0000050,MOLEXFLU,STRIP,225.0,248.0
M0000054,MYCORAL CR,TUBE,122.0,130.0
M0000054,MYCORAL CR,TUBE,214.0,210.0
M0000056,MYLANTA TAB,STRIP,121.0,117.0
M0000057,MOLACORT 0.75MG,STRIP,300.0,347.0
M0000058,MAXIMUS 500,STRIP,12.0,27.0
M0000058,MAXIMUS 500,STRIP,198.0,185.0
M0000058,MAXIMUS 500,STRIP,50.0,44.0
M0000061,MATERNITY,PCS,41.0,41.0
M0000062,MAMI BREAST PUMP,PCS,20.0,18.0
M0000062,MAMI BREAST PUMP,PCS,358.0,374.0
M0000074,M. KAPAK 3ML,BTL,24.0,24.0
M0000075,M. KAPAK 5ML,BTL,32.0,31.0
M0000076,M. KAPAK 28ML,BTL,27.0,28.0
M0000077,MOXIGRA,STRIP,40.0,63.0
M0000078,MADU SYAMIL ANAK,BTL,54.0,57.0
M0000082,MINYAK ZAITUN AL-AROBI,BTL,118.0,113.0
M0000084,MEDIKLIN TR 15 GRAM,TUBE,51.0,50.0
M0000086,MIXAGRIP FLU DAN BATUK,STRIP,200.0,205.0
M0000087,MEDICATED 12 ML,BTL,54.0,55.0
M0000088,MEDICATED 20 ML,BTL,70.0,82.0
M0000090,MASTER NON WOVEN,DUS,0.0,2.0
M0000091,MY BABY TELON PLUS 150 ML,BTL,143.0,153.0
M0000093,MOLACORT 0.5 MG,STRIP,152.0,167.0
M0000093,MOLACORT 0.5 MG,STRIP,6.0,6.0
M0000095,M. KAPAK 56 ML,BTL,12.0,12.0
M0000098,MADU TJ STRAW,SACH,931.0,919.0
M0000101,MUCOS SYR,BTL,27.0,25.0
M0000102,MERIT,SACH,0.0,2.0
M0000103,MADU TJ SUPER 150GR,BTL,147.0,145.0
M0000104,MUCOHEXIN TAB,STRIP,25.0,19.0
M0000106,MBK POWDER,SACH,120.0,82.0
M0000107,MKP LANG AROMATIK 60ML,BTL,36.0,33.0
M0000108,M. TELON LANG PLUS 60ML,BTL,15.0,11.0
M0000112,M. ANGIN LANG 6ML,BTL,27.0,27.0
M0000113,M. ANGIN LANG 3ML,BTL,20.0,17.0
M0000115,MADU BIMA 99,BTL,20.0,22.0
M0000116,MUCOS DROP,BTL,13.0,13.0
M0000132,M.ANGIN LANG 24ML,BTL,9.0,11.0
M0000133,MKP LANG AROMATIK 30ML,BTL,45.0,43.0
M0000141,MEDIAMER B6,STRIP,0.0,6.0
M0000146,M. KAPAK 10ML,BTL,47.0,46.0
M0000147,M. KAPAK 14ML,BTL,26.0,27.0
M0000148,MIRASIC SYR,BTL,161.0,160.0
M0000164,MY BABY POWDER 50GR,BTL,52.0,49.0
M0000165,MY BABY POWDER 100GR,BTL,27.0,22.0
M0000166,MY BABY POWDER 150GR,BTL,12.0,12.0
M0000169,MEXON,STRIP,60.0,63.0
M0000171,MAAG GEL,BTL,131.0,130.0
M0000173,MIXALGIN TAB,STRIP,130.0,125.0
M0000173,MIXALGIN TAB,STRIP,40.0,50.0
M0000176,MADU TJ MURNI 250GR,BTL,170.0,169.0
M0000181,MADU HITAM PROPOLIS SAR,BTL,216.0,223.0
M0000182,MKP LANG AROMATHERAPY 15ML,BTL,6.0,6.0
M0000183,M. ANGIN LANG 12ML,BTL,16.0,16.0
M0000184,MY BABY TELON PLUS LONG PROTECTION 60ML,BTL,39.0,40.0
M0000185,MIRASIC FORTE  650MG,STRIP,170.0,185.0
M0000185,MIRASIC FORTE  650MG,STRIP,18.0,16.0
M0000185,MIRASIC FORTE  650MG,STRIP,19.0,19.0
M0000185,MIRASIC FORTE  650MG,STRIP,0.0,22.0
M0000194,MY BABY TELON PLUS LONG PROTECT 90ML,BTL,33.0,34.0
M0000195,MADU TJ MURNI 500GR,BTL,78.0,77.0
M0000197,M. IKAN SALMON,BTL,21.0,22.0
M0000199,MADU DIABETES,BTL,3.0,2.0
M000020,MASKER KAIN BATIK,PCS,1.0,5.0
M0000201,MUPIROCIN OINTMENT 10GR,TUBE,39.0,41.0
M0000202,MOLAKRIM 30GR,TUBE,15.0,18.0
M0000203,MELANOX ES CR 15GR,TUBE,0.0,2.0
M0000205,MYCORINE CR 5G,TUBE,6.0,9.0
M0000210,MOLAFAT SYR,BTL,39.0,38.0
M0000210,MOLAFAT SYR,BTL,5.0,7.0
M0000214,MY BABY SHAMPOO,BTL,7.0,6.0
M0000216,MINYAK BUT-BUT,BTL,73.0,71.0
M0000217,MADU TJ PANAS DALAM 150GR,BTL,60.0,56.0
M0000218,MKP LANG PLUS 30ML,BTL,31.0,31.0
M0000219,MKP LANG PLUS 60 ML,BTL,45.0,42.0
M0000220,MKP LANG PLUS 15 ML,BTL,19.0,24.0
M0000222,METERAN BAYI BULAT,PCS,0.0,2.0
M0000225,MAGTRAL STRAW,STRIP,30.0,26.0
M0000226,MEPROMAAG TAB,STRIP,10.0,6.0
M0000227,MOLADERM CR 10GR,TUBE,30.0,28.0
M0000228,MINYAK URUT PARCOK,BTL,5.0,2.0
M0000229,MARCKS TEENS CP PINK,PCS,2.0,2.0
M000023,MEXON SYR 60ML,BTL,2.0,2.0
M0000230,MILO UHT 190ML,KOTAK,156.0,146.0
M0000233,MY BABY TELON PLUS 150ML LONG PROTEC,BTL,6.0,5.0
M0000234,MEPROCE TAB,STRIP,0.0,20.0
M0000235,MADURASA BOTOL PREMIUM 350GR,BTL,3.0,3.0
M0000237,MADURASA JERUK NIPIS 150GR,BTL,15.0,15.0
M0000237,MADURASA JERUK NIPIS 150GR,BTL,0.0,3.0
M0000241,M. TELON LANG PLUS 150ML,BOTOL,5.0,2.0
M0000242,MENSES KAPSUL,BTL,21.0,19.0
M0000242,MENSES KAPSUL,BTL,12.0,12.0
M0000245,MASKER NIAN KF94,PCS,80.0,78.0
M0000246,MYWELL VIT D3 1000,BTL,16.0,16.0
M0000247,MILO UHT 110,PCS,42.0,42.0
M000025,MY BABY BATH TELON PLUS 200ML,BTL,3.0,3.0
M000025,MY BABY BATH TELON PLUS 200ML,BTL,1.0,1.0
M0000258,MECOVIT-D3,STRIP,12.0,6.0
M000051,MOLEXFLU SYR,BTL,12.0,6.0
M0000856,MECOVIT-C,STRIP,66.0,65.0
M0000857,MOLAFATE SUSP 100ML,BTL,15.0,15.0
M0000858,MILNA CRACKERS APPLE ORANGE 20GR,BOX,1.0,1.0
M0000859,MILNA CRACKERS BANANA 20GR,BOX,1.0,1.0
M0000860,MADURASA BOTOL PREMIUM 150GR,BTL,3.0,3.0
M0000861,MAX-D 1000,STRIP,25.0,20.0
M0000862,MADU MAGO 350GR,BTL,7.0,4.0
M0000863,MBK SILVER 60GR,PCS,1.0,1.0
M0000863,MBK SILVER 60GR,PCS,12.0,9.0
M0000865,MADU MINT,BTL,8.0,6.0
M000111,MADU KURMA TJ 150GR,BTL,46.0,46.0
M000112,MADURASA ORIGINAL,SACH,168.0,69.0
M000115,MADU TJ SUPER 500 GR,BTL,65.0,66.0
M000116,MADU TJ SUPER 250 G,BTL,86.0,84.0
M000117,MADU TJ MURNI 150 GR,BTL,264.0,264.0
M000118,MILNA BISCUIT APEL ORANGE,KOTAK,1.0,1.0
M000119,MILNA BISCUIT BRS MERAH,KOTAK,1.0,1.0
M000176,M.TELON LANG PLUS 100 ML,BTL,4.0,5.0
M000176,M.TELON LANG PLUS 100 ML,BTL,120.0,140.0
M000178,MADU TJ KURMA 250GR,BOTOL,30.0,34.0
M000181,MASKER HIJAB,PCS,950.0,969.0
M000187,MAMI NON WOVEN PADS,BOX,1.0,33.0
M000187,MAMI NON WOVEN PADS,BOX,0.0,2.0
M000194,MILNA BISCUIT ORIGINAL,BOX,1.0,1.0
M000194,MILNA BISCUIT ORIGINAL,BOX,10.0,2.0
M000194,MILNA BISCUIT ORIGINAL,BOX,20.0,39.0
M000199,METOCLOPRAMID 10MG,STRIP,1.0,4.0
M000203,MADU ASSALAMAH,BTL,6.0,8.0
M000204,MADU GEMUK ANAK,BTL,2.0,3.0
M000205,MADU GEMUK DEWASA,BTL,18.0,16.0
M000207,MADU TJ ORIGINAL,SCHT,672.0,660.0
M000207,MADU TJ ORIGINAL,SCHT,12.0,12.0
M000210,MADU DIET,BTL,3.0,2.0
M000212,MAMI KOMPRES LEMON,SCHT,12.0,5.0
M000213,MJS NATURE PROPOLIS 6ML,BTL,18.0,19.0
M000214,MASKER ONEMAD,PCS,300.0,300.0
M000215,MARCKS TEENS CP CREME,PCS,6.0,8.0
M000216,MARCKS TEENS CP PUTIH,PCS,2.0,2.0
M000219,MOMETASONE CR 5GR,TUBE,4.0,4.0
M000219,MOMETASONE CR 5GR,TUBE,2.0,1.0
M000221,MILTON PASTILLES,PCS,1.0,6.0
M000222,MIPI ROLL ON 10ML,BTL,1.0,2.0
M000223,MADU MURNI WELLERY 650ML,BTL,42.0,36.0
M000224,MADU MURNI WELLERY 250ML,BTL,62.0,59.0
M000225,MADU MURNI WELLERY 120ML,BTL,30.0,32.0
M000226,MADU WELLERY MUNGIL,BTL,23.0,18.0
M000227,MUCOVY SYR,BTL,6.0,7.0
M000228,MEDISTEN CR 5GR,TUBE,6.0,2.0
M000228,MEDISTEN CR 5GR,TUBE,0.0,2.0
M000230,MIRASIC PLUS,STRIP,62.0,47.0
M000231,MOMETASONE 1MG,TUBE,0.0,1.0
M000232,MINYAK KUTUS KUTUS 100ML,BTL,4.0,3.0
M000234,MAMI HAND SANITIZER 100ML,BTL,0.0,1.0
M000235,MADU HITAM PROPOLIS 175GR SAR,BTL,75.0,76.0
M000236,MILMOR PLUS,STRIP,0.0,6.0
M000237,M. TELON LANG 150ML,BTL,7.0,9.0
M000238,MADU DB MIX,BTL,0.0,1.0
M000240,MASKER HIJAB SENSI,PCS,8.0,144.0
M000241,MY BABY KIDS KAYU PUTIH PLUS 60ML,BTL,2.0,0.0
M000242,MASKER ANAK NIAN,PCS,254.0,152.0
M000244,MADU ALFAUZ SUPER,BTL,10.0,8.0
M000245,MUPIROCIN CACIUM 5GR,TUBE,8.0,4.0
M000246,MY BABY KIDS KAYU PUTIH PLUS 90ML,BTL,2.0,0.0
M000247,MADU HIJAU AL-FAUZ BESAR,BTL,1.0,0.0
M00025,MADU TJ C1000,BOX,6.0,6.0
M000256,MASKER KARET SENSI,PCS,0.0,503.0
M000281,MIPI CR 15G,BTL,0.0,1.0
M00054,MADURASA 150ML,BTL,37.0,36.0
M000569,MADURASA 350ML,BTL,18.0,16.0
M000570,MADU SUMBAWA GELAS,BTL,44.0,35.0
M000570,MADU SUMBAWA GELAS,BTL,23.0,21.0
M000570,MADU SUMBAWA GELAS,BTL,26.0,22.0
M000570,MADU SUMBAWA GELAS,BTL,19.0,16.0
M000574,MADU HITAM DIABET,BTL,6.0,5.0
M000575,MOLAGIT,STRIP,15.0,13.0
M00078,MAPOH,BTL,2.0,2.0
M00080,MASKER GOLDEN HIJAB,PCS,302.0,302.0
N00000011,NEURALGIN RHEMA,STRIP,21.0,15.0
N0000002,NATRIUM DIKLOFENAK 50MG,STRIP,735.0,750.0
N0000002,NATRIUM DIKLOFENAK 50MG,STRIP,340.0,336.0
N000000353,NUTRAFOR WHITE BEAUTY,BTL,2.0,2.0
N000000354,NUTRAFOR ACNE FACIAL WASH,TUBE,2.0,0.0
N0000004,NEO HORMOVITON,STRIP,121.0,123.0
N0000005,NEO NAPACIN,STRIP,350.0,343.0
N0000006,NEO RHEUMACYL,STRIP,313.0,310.0
N0000007,NEO RHEUMACYL NEURO,STRIP,13.0,20.0
N0000008,NEOZEP,STRIP,125.0,138.0
N0000009,NEPHROLIT,STRIP,120.0,107.0
N0000010,NEURALGIN RX,STRIP,261.0,258.0
N00000100,NUFADOL KAPS PCT,STRIP,60.0,61.0
N00000100,NUFADOL KAPS PCT,STRIP,3.0,3.0
N0000011,NEUROBION 5000 TAB,STRIP,411.0,387.0
N0000012,NEUROBION TAB,STRIP,230.0,215.0
N0000014,NEUROSANBE PLUS,TAB,300.0,230.0
N0000015,NEUROSANBE TAB,STRIP,22.0,20.0
N0000016,NEW AS TAR OINT,TUBE,28.0,28.0
N0000017,NEW DIATAB,STRIP,51.0,54.0
N0000018,NIFEDIPIN 10MG,STRIP,10.0,14.0
N0000021,NORIT,BTL,9.0,11.0
N0000021,NORIT,BTL,12.0,24.0
N0000023,NUTRIV BENECOL BCR,BTL,96.0,116.0
N0000024,NUTRIV BENECOL STRW,BTL,102.0,108.0
N0000030,NEUROSANBE 5000,STRIP,0.0,10.0
N0000031,NASAL ASPIRATOR,PCS,8.0,7.0
N0000031,NASAL ASPIRATOR,PCS,3.0,3.0
N0000034,NEURODEX 200,STRIP,200.0,211.0
N0000037,NIPPLE SHIELD RELIABLE,PCS,13.0,12.0
N0000039,NOURISH-E,BTL,0.0,1.0
N0000039,NOURISH-E,BTL,3.0,4.0
N0000041,NOURISHSKIN ULTIMATE,BOX,0.0,1.0
N0000044,NOURISH ACNE GEL,TUBE,0.0,2.0
N0000045,NIZORAL CR 5GR,TUBE,10.0,11.0
N0000050,NUTRIV BENECOL LECY,BTL,109.0,121.0
N0000053,NORELUT 5MG,TAB,100.0,100.0
N0000054,NATURGO,SACH,0.0,1.0
N0000054,NATURGO,SACH,256.0,272.0
N0000054,NATURGO,SACH,13.0,14.0
N0000070,NISAGON CR,TUBE,39.0,38.0
N0000072,NOURISHSKIN ULT 30,BOX,0.0,1.0
N0000074,NOURISH ACNE FACIAL FOAM 100ML,TUBE,0.0,2.0
N0000077,NUFADOL SYR 60ML,BOTOL,12.0,12.0
N0000078,NEBACETIN OINT 5GR,TUBE,1.0,1.0
N0000078,NEBACETIN OINT 5GR,TUBE,132.0,144.0
N0000078,NEBACETIN OINT 5GR,TUBE,96.0,112.0
N0000078,NEBACETIN OINT 5GR,TUBE,90.0,92.0
N0000103,NEBACETIN POWDER 5GR,BTL,1.0,1.0
N0000110,NUFACORT CR,TUBE,6.0,6.0
N0000111,NEOSANMAG FAST,STRIP,248.0,225.0
N0000115,NEO RHEUMACYL ORALINU,SACH,0.0,5.0
N0000115,NEO RHEUMACYL ORALINU,SACH,0.0,8.0
N0000120,NYSTATIN DROP,BTL,25.0,25.0
N0000120,NYSTATIN DROP,BTL,24.0,20.0
N0000120,NYSTATIN DROP,BTL,2.0,1.0
N0000127,NIVEA BODY SERUM INTENSIVE 180ML,PCS,4.0,4.0
N0000128,NUTRICA PUREWAY-C,STRIP,2.0,7.0
N0000129,NEXITRA TAB 500MG,STRIP,40.0,36.0
N0000130,NUTRICAN 245G,BOX,2.0,2.0
N0000131,NUTRIVE FIBERSHOT 100ML,BTL,81.0,75.0
N0000132,NEGATAL KAPSUL,BTL,12.0,3.0
N0000133,NEOCENTA GEL 15GR,TUBE,18.0,16.0
N0000133,NEOCENTA GEL 15GR,TUBE,4.0,4.0
N0000135,NESTLE PURE LIFE 330,BTL,24.0,22.0
N0000136,NOVAGESIC TAB,STRIP,20.0,20.0
N0000137,NYTEX 200MG,STRIP,54.0,17.0
N0000138,NYTEX SYR 100MG,BTL,2.0,2.0
N0000138,NYTEX SYR 100MG,BTL,3.0,2.0
N0000140,NIVEA NIGHT NOURISH SERUM 180ML,PCS,1.0,1.0
N0000141,NEO VEDRIN DROPS 10ML,BTL,3.0,1.0
N000016,NOURISH ACNE PLAST BOY,COVER,1.0,1.0
N000017,NOURISH ACNE PLAST GIRL,COVER,14.0,12.0
N000020,NOVACYCLINE 250MG,TAB,520.0,840.0
N000020,NOVACYCLINE 250MG,TAB,2.0,17.0
N00103,NUTRAFOR ACNE GEL,TUBE,3.0,1.0
O0000002,OB HERBAL SYR,BTL,87.0,83.0
O0000003,OBH COMBI PLUS 100 ML MENTHOL,BTL,307.0,306.0
O0000004,OBH COMBI PLUS 60 ML MENTHOL,BTL,276.0,288.0
O0000005,ORPHEN,STRIP,159.0,144.0
O0000006,OBH COMBI PLUS ANAK JERUK,BTL,147.0,149.0
O0000007,OBH COMBI PLUS ANAK STRAW,BTL,150.0,146.0
O0000007,OBH COMBI PLUS ANAK STRAW,BTL,3.0,2.0
O0000009,OBH COMBI DAHAK MENTHOL 100 ML,BTL,239.0,242.0
O0000010,OBH NELLCO 100 ML,BTL,24.0,25.0
O0000012,OBH NELLCO 55 ML,BTL,21.0,19.0
O0000013,OMEPRAZOLE 20MG,STRIP,505.0,506.0
O0000014,OMEPROS,BTL,10.0,10.0
O0000015,ONDANSETRON 4MG,STRIP,108.0,106.0
O0000016,ONDANSETRON 8MG,STRIP,34.0,32.0
O0000017,ONE MED TEST PACK,PCS,100.0,126.0
O0000018,OSKADON,STRIP,203.0,212.0
O0000019,OSKADON SP,STRIP,375.0,400.0
O0000022,OTOLIN EAR DROP 10ML,FLS,1.0,0.0
O0000025,OPISTAN,STRIP,480.0,469.0
O0000026,OXYCAN,PCS,22.0,25.0
O0000029,OREZINC SYR,BTL,30.0,32.0
O0000032,OB HERBAL SYR 100ML,BTL,6.0,6.0
O0000033,OMRON TENSI,UNIT,1.0,1.0
O0000034,OKE PLAST,PCS,842.0,732.0
O0000035,OBP ITRASAL 100ML,BTL,12.0,9.0
O0000036,OBH MOLEX SYR,BTL,9.0,9.0
O0000037,OTOPAIN EAR DROP,FLS,3.0,3.0
O0000038,OBH COMBI PLUS ANAK APEL,BTL,12.0,12.0
O0000042,OBH COMBI PLUS ANAK MADU,BTL,12.0,12.0
O0000044,OXYTETRACYCLIN CR,TUBE,150.0,140.0
O0000046,OXOFERIN SOL 30,FLS,4.0,3.0
O0000048,OB HERBAL JUNIOR 60ML,BOTOL,39.0,39.0
O0000048,OB HERBAL JUNIOR 60ML,BOTOL,6.0,7.0
O0000048,OB HERBAL JUNIOR 60ML,BOTOL,10.0,11.0
O0000053,OBH ITRASAL 100ML,BTL,15.0,15.0
O0000055,OBH JERUK NIPIS,BTL,62.0,58.0
O0000055,OBH JERUK NIPIS,BTL,10.0,15.0
O0000061,ORSADERM CR 5GR,TUBE,12.0,9.0
O0000061,ORSADERM CR 5GR,TUBE,0.0,1.0
O0000061,ORSADERM CR 5GR,TUBE,0.0,2.0
O0000070,OBH AFIAT 100ML,BTL,2.0,2.0
O0000073,ORALIT,SCHET,300.0,317.0
O0000074,OBAT KURAP CAIR 19,PCS,121.0,111.0
O000070,OXICOBAL KAP,STRIP,40.0,33.0
O0000701,OXIMETER,PCS,4.0,2.0
P0000002,PANADOL,STRIP,60.0,66.0
P0000003,PANADOL EXTRA,STRIP,50.0,58.0
P0000004,PANADOL FB,STRIP,20.0,26.0
P0000006,PARACETAMOL INDO,STRIP,330.0,350.0
P0000008,PARACETAMOL SYR 60ML,BTL,15.0,15.0
P0000009,PARAMEX,STRIP,503.0,530.0
P000001,PARAMOL 600MG,STRIP,10.0,10.0
P0000010,PARATUSIN TAB,STRIP,520.0,525.0
P00000101,POLIDENT CEANSER,PCS,12.0,0.0
P00000101,POLIDENT CEANSER,PCS,12.0,12.0
P0000012,PEDITOX,BTL,151.0,146.0
P0000013,PERBAN 10 CM,ROL,206.0,233.0
P0000014,PERBAN 5 CM,ROL,399.0,287.0
P0000017,PHARMATON FORMULA,STRIP,42.0,40.0
P0000018,PHAROLIT SITRAS,SACH,127.0,81.0
P0000019,PIL KITA,STRIP,301.0,324.0
P00000206,PROVE Z,STRIP,20.0,20.0
P0000021,PIM TRA COLD LEMON,BTL,126.0,134.0
P0000023,PIROXICAM 20MG KAPSUL,STRIP,213.0,220.0
P0000025,POLDANMIG,STRIP,75.0,64.0
P00000252,PREGABALIN 150MG,STRIP,3.0,1.0
P0000026,POLYSILANE SYR,BTL,126.0,126.0
P0000027,POLYSILANE TAB,STRIP,265.0,266.0
P0000030,PRENAGEN ESENSIS CKLT 180G,BOX,9.0,12.0
P0000031,PRENAGEN ESENSIS VNLA 180G,BOX,6.0,3.0
P0000032,PRENAGEN LACTAMOM CKLT 200G,BOX,2.0,2.0
P0000033,PRENAGEN LACTAMOM VNLA 200G,BOX,0.0,1.0
P0000034,PRENAGEN MOMMY CKLT 200G,BOX,3.0,4.0
P0000035,PRENAGEN MOMMY EMESIS CKLT 200G,BOX,10.0,10.0
P0000036,PRENAGEN MOMMY EMESIS PLAIN 200G,BOX,5.0,7.0
P0000037,PRENAGEN MOMMY VNLA 200G,BOX,4.0,4.0
P0000039,PRIMOLUT-N,TAB,30.0,30.0
P0000040,PRIMPERAN 10MG,TAB,0.0,40.0
P0000041,PROCOLD,STRIP,121.0,129.0
P0000045,PRORIS,BTL,174.0,174.0
P0000047,PYREXIN SYR 60ML,BTL,90.0,86.0
P0000052,PRORIS FORTE,BTL,58.0,59.0
P0000053,KOTAK P3K,KTK,9.0,8.0
P0000058,PARATUSIN SYR,BTL,38.0,43.0
P0000059,PARACETAMOL SYR ERRITA,BTL,3.0,2.0
P0000061,PARFUM 10k,BTL,317.0,320.0
P0000062,PARACETIN SYR,BTL,3.0,3.0
P0000065,PANADOL SYR 60 ML,BTL,0.0,2.0
P0000066,PRAXION SYR,BTL,51.0,47.0
P0000067,POLIDENT 60GR,TUBE,64.0,64.0
P0000067,POLIDENT 60GR,TUBE,6.0,6.0
P0000071,PRIMPERAN SYR,BTL,0.0,1.0
P0000073,POT PLASTIK,PCS,12.0,16.0
P0000074,PRAXION FORTE,BTL,37.0,39.0
P0000075,PIRACETAM 800MG,STRIP,0.0,4.0
P0000078,PARACETAMOL MEF,STRIP,450.0,394.0
P0000081,PKS,TUBE,256.0,264.0
P0000082,PIRACETAM 1200 MG,STRIP,0.0,4.0
P0000084,PRENAGEN MOMMY STRAW,DUS,2.0,1.0
P0000085,PRENAGEN ESENSIS COKLAT 360G,DUS,1.0,1.0
P0000086,PLANTACID SUSP,BTL,3.0,2.0
P0000087,PLANTACID FORTE SUSP,BTL,8.0,9.0
P0000087,PLANTACID FORTE SUSP,BTL,121.0,109.0
P0000090,PROMAG SUSPENSI,SACH,73.0,45.0
P0000091,PRAXION DROP,BTL,27.0,27.0
P0000093,PIROXICAM 10MG TABLET,STRIP,550.0,544.0
P0000099,PARAMEX FLU DAN BATUK,STRIP,50.0,41.0
P0000100,POLIDENT 15GR,TUBE,77.0,75.0
P0000102,PYREXIN TAB,STRIP,80.0,83.0
P0000103,PAGODA PASTILLES MINT 20GR,POT,27.0,25.0
P0000105,PRENAGEN ESENSIS VANILLA 360GR,DUS,1.0,2.0
P0000106,PROLACTA DHA BABY,BUTIR,100.0,120.0
P0000108,POLYCROL GEL,BTL,15.0,11.0
P0000110,PABANOX CR 20GR,TUBE,13.0,13.0
P0000113,KOTAK P3K MOBIL,PCS,15.0,15.0
P0000115,PARFUM 5k,BTL,216.0,210.0
P0000116,PURE BABY RASH CR 50,PCS,7.0,6.0
P0000117,PURE KIDS INHALANT OIL 10ML,BTL,19.0,16.0
P0000117,PURE KIDS INHALANT OIL 10ML,BTL,310.0,305.0
P0000119,POLYCROL FORTE TAB,STRIP,72.0,65.0
P0000120,PACDIN BABY COUGH,BTL,27.0,26.0
P0000121,PRORIS TRIPLE ACTION,STRIP,310.0,286.0
P0000122,PERBAN ELASTIS 15CM,PCS,21.0,19.0
P0000123,PERBAN ELASTIS 7.5CM,PCS,17.0,15.0
P0000127,PREGCY CHECK,BOX,90.0,91.0
P0000130,PONDEX SUSP,BTL,4.0,4.0
P0000131,PROPEPSA 100ML,BTL,67.0,62.0
P0000134,PIM TRA COLD CHERRY,BTL,174.0,168.0
P0000134,PIM TRA COLD CHERRY,BTL,3.0,3.0
P0000137,PISPOT TANPA TUTUP,PCS,8.0,9.0
P0000143,PRONTO,STRIP,53.0,61.0
P0000145,PONDEX FORTE TAB,STRIP,300.0,298.0
P0000149,PAGODA LIQUORICE 20GR,POT,6.0,6.0
P0000150,TEENS PAGODA STRAW-VAN,POT,0.0,1.0
P0000160,PROSTAKUR KAP,STRIP,5.0,10.0
P0000161,PRIMPERAN 5MG,TAB,0.0,30.0
P0000162,PAGODA SALEP 10GR,POT,43.0,44.0
P0000165,PARFUM AR-ROIHAN,BTL,109.0,120.0
P0000166,PARFUM SPRAY AR-ROIHAN,BTL,97.0,108.0
P0000168,PISPOT BAB,PCS,6.0,6.0
P0000171,PROTAGENTA,STRIP,10.0,9.0
P0000171,PROTAGENTA,STRIP,50.0,50.0
P0000176,PROPANOLOL 10MG,STRIP,60.0,58.0
P0000177,XEPAMOL 60ML,BTL,24.0,24.0
P0000177,XEPAMOL 60ML,BTL,40.0,41.0
P0000184,PRENAGEN MOMMY EMESIS CKLT 400GR,BOX,1.0,3.0
P0000185,PRENAGEN MOMMY EMESIS VAN 400GR,BOX,1.0,1.0
P0000186,PERBAN 15CM,ROLL,300.0,282.0
P0000189,PARAMEX NYERI OTOT,STRIP,131.0,156.0
P0000190,PAGODA PASTILES 10 G,PCS,18.0,19.0
P0000191,BEDAK PIGEON 100GR,BTL,0.0,3.0
P0000197,POLOFAR PLUS,STRIP,80.0,76.0
P0000203,PROBIOKID,SACH,10.0,0.0
P0000204,PIMACOLIN APPLE SYR,BTL,6.0,5.0
P0000208,PASABA SYR 60ML,BTL,3.0,7.0
P000021,POLICLEAN SPRAY 100ML,BTL,2.0,2.0
P0000212,POVIDONE IODINE 60ML,PCS,0.0,5.0
P0000215,PACETIK 500MG,STRIP,110.0,118.0
P0000216,PACETIK SYR,BTL,8.0,10.0
P0000216,PACETIK SYR,BTL,0.0,56.0
P0000220,PROTEN RASA VANILA,SACH,2.0,0.0
P0000222,PURBASARI SABUN SIRIH NATURAL 60ML,BTL,4.0,4.0
P0000223,PURBASARI SS MANJAKANI 125ML,BTL,2.0,2.0
P0000224,PURBASARI SS ROMANTIC 60ML,BTL,7.0,7.0
P0000226,PRENAGEN MOMMY VAN 400GR,BOX,1.0,1.0
P0000230,PURBASARI SS ROMANTIC 125ML,BOTOL,2.0,2.0
P0000231,PRENAGEN MOMMY STRAW 400GR,BOX,1.0,1.0
P0000233,PARFUM CAHAYA,BTL,84.0,85.0
P0000234,PERBAN ELASTIS 10CM,PCS,11.0,11.0
P0000235,PLOSSA EUCALYPTUS,PCS,195.0,190.0
P0000236,PERMEN TEJAHE,PCS,0.0,13.0
P0000237,PAINKILA CR 15GR,TUBE,1.0,2.0
P0000238,PERMETHRINE 15GR,TUBE,13.0,14.0
P0000239,PURE KIDS CREAM 15GR,TUBE,0.0,1.0
P0000240,PARAMEX SK,STRIP,0.0,11.0
P0000240,PARAMEX SK,STRIP,0.0,1.0
P0000243,PROTECAL DEFENSE EFF TAB,TAB,1.0,11.0
P0000245,EXECUTIVE PARFUME,BTL,84.0,82.0
P0000245,EXECUTIVE PARFUME,BTL,0.0,2.0
P0000248,PROBABY COLOGNE 100ML,BTL,2.0,1.0
P0000248,PROBABY COLOGNE 100ML,BTL,0.0,1.0
P0000250,PROBABY BATH ANISE OIL 100ML,BTL,0.0,1.0
P0000251,PREGABALIN KAPSUL 75MG,STRIP,3.0,1.0
P0000252,PERMEN DOUBLEMINT,PCS,0.0,18.0
P0000253,PROSANA PROFILE COKLAT 60,PCS,6.0,6.0
P0000254,PROVE-C,STRIP,27.0,27.0
P0000255,PROMAG SUSPENSI BTL 60ML,BTL,36.0,32.0
P0000256,PLOSSA MINI HOT,PCS,54.0,38.0
P0000257,PLOSSA MINI EUCALYPTUS,PCS,54.0,35.0
P0000258,PURE BABY WARMING OIL 60ML,PCS,3.0,2.0
P0000259,PEDIAGROW SYR 200ML,BTL,2.0,2.0
P0000260,PIPET DROP,PCS,37.0,32.0
P0000261,PURE KIDS FEVER FREE,PCS,4.0,4.0
P0000262,PANTOPRAZOLE TAB 40MG,STRIP,3.0,1.0
P0000263,PRIMA PROTEC HAND SANITIZER 500ML,BTL,6.0,6.0
P0000264,PRIMA PROTEC DISINFECTAN,BTL,4.0,1.0
P0000264,PRIMA PROTEC DISINFECTAN,BTL,6.0,5.0
P0000264,PRIMA PROTEC DISINFECTAN,BTL,10.0,0.0
P0000267,PRIMA PROTECT HAND SOAP 240ML,BTL,6.0,1.0
P0000268,PRIMA PROTECT HAND SOAP 500ML,BTL,6.0,1.0
P0000269,PASTIK,BOX,2.0,0.0
P0000270,PROME EXP 100ML,BTL,1.0,1.0
P0000271,PROBABY SHAMPO 100ML,BTL,2.0,0.0
P0000271,PROBABY SHAMPO 100ML,BTL,1.0,0.0
P0000273,PRIMA DISINFECTAN 240ML,BTL,3.0,0.0
P0000274,PURASIL 30GR,BTL,1.0,1.0
P0000275,PROBABY BATH ANISE OIL 200ML,BTL,2.0,1.0
P0000276,PROBABY BANDED LIQUID CLEANSER,PCS,1.0,0.0
P0000276,PROBABY BANDED LIQUID CLEANSER,PCS,2.0,0.0
P000031,PURBASARI SS NATURAL 125ML,BTL,2.0,2.0
P0000728,PRIMA PROTECT HANDSANITIZER 50ML,BTL,12.0,6.0
P000082,PHI KHANG YANG 7g,TUBE,0.0,3.0
P0000856,SALEP KEMBANG BULAN,POT,21.0,27.0
P0000964,PARACETAMOL ERITA TAB,STRIP,60.0,60.0
P0000964,PARACETAMOL ERITA TAB,STRIP,3.0,2.0
P000205,PROVE D3 1000IU,STRIP,15.0,15.0
P000232,PRENAGEN MOMMY ALMASOY 200G,BOX,1.0,1.0
P000232,PRENAGEN MOMMY ALMASOY 200G,BOX,0.0,2.0
P000369,PARACETAMOL 500MG,STRIP,211.0,239.0
Q000002,Q GUAVA,BTL,0.0,3.0
R0000001,RANITIDINE 150MG,STRIP,172.0,155.0
R0000003,REDOXON EFF ORANGE,TUBE,100.0,101.0
R0000006,RENOVIT KAPLET,STRIP,16.0,9.0
R00000079,RHINOFED SYR 60ML,SYR,3.0,0.0
R000001,RAMAFLU TAB,STRIP,10.0,10.0
R000001,RAMAFLU TAB,STRIP,400.0,285.0
R000001,RAMAFLU TAB,STRIP,2.0,6.0
R000001,RAMAFLU TAB,STRIP,12.0,12.0
R000001,RAMAFLU TAB,STRIP,12.0,5.0
R0000013,RODECA TALK,BTL,6.0,5.0
R0000014,ROHTO,BTL,78.0,77.0
R0000015,ROHTO COOL,BTL,230.0,224.0
R0000055,RIVANOL SOL 100ML,BTL,152.0,148.0
R0000065,RIVANOL SOL 300ML,BTL,54.0,49.0
R0000068,REFAQUIN 15GR,TUBE,69.0,69.0
R0000072,RESIK V MANJAKANI 90ML,BTL,6.0,4.0
R0000073,RENOVIT GOLD 30,BTL,14.0,12.0
R0000074,RENADINAC 50MG,STRIP,333.0,336.0
R0000078,RHINOFED TAB,TAB,50.0,0.0
R0000080,ROHTO EYE  FLUSH,BTL,2.0,2.0
R0000081,RESIK V MANJAKANI 50ML,BTL,11.0,11.0
R0000083,RENOVIT GOLD,STRIP,8.0,6.0
R0000084,REXCOF SYR 60ML,BTL,0.0,3.0
R0000085,RESIK V MANJAKANI WHITENING 90ML,BTL,2.0,1.0
R0000086,RECUSTEIN KAP,TAB,0.0,20.0
R0000087,RHINOS NEO DROP 10ML,BTL,16.0,10.0
R0000088,RHINOS JUNIOR SYR 60ML,BTL,24.0,19.0
R0000089,REMAFAR,STRIP,410.0,419.0
R0000090,RANACID FORTE TAB,STRIP,42.0,45.0
R0000090,RANACID FORTE TAB,STRIP,50.0,45.0
R0000094,ROVERTON SYR,BTL,22.0,26.0
R0000095,ROVERTON TAB,STRIP,52.0,60.0
R0000096,REMCO,BTL,28.0,30.0
R0000098,REXCOF PLUS,BTL,9.0,11.0
R0000099,RELIABLE DOT,BTL,1.0,3.0
R00001,REBAL PLUS,STRIP,10.0,0.0
R0000100,RELIABLE BABY FINGER,PCS,0.0,2.0
R0000100,RELIABLE BABY FINGER,PCS,37.0,24.0
R0000100,RELIABLE BABY FINGER,PCS,40.0,34.0
R0000105,RELIABLE WATER TEETHER,PCS,0.0,1.0
R0000106,RELIABLE SILICON TEETHER,PCS,0.0,1.0
R0000107,RELIABLE KOTAK BEDAK,PCS,1.0,1.0
R0000108,RELIABLE NASAL ASPIRATOR SET,PCS,0.0,3.0
R0000109,RESIK V MANJAKANI WHITHENING50ML,BTL,4.0,4.0
R0000110,RAVEN,SCHET,0.0,3.0
R0000110,RAVEN,SCHET,8.0,4.0
R0000112,REDOXON STRIP,STRIP,0.0,1.0
R0000112,REDOXON STRIP,STRIP,30.0,28.0
R0000115,REXAVIN 125MG,STRIP,11.0,18.0
R0000116,REGULATOR OXYGEN,PCS,1.0,0.0
R00025,RELIABLE DOT 50ML,BTL,2.0,2.0
R000265,BREAST PUMP SET RELIABLE,BOX,4.0,4.0
R2,CR MALAM,POT,9.0,9.0
S0000001,SAFE CARE,BTL,149.0,149.0
S0000003,SAKATONIK ABC ANGGUR,BTL,53.0,54.0
S0000004,SAKATONIK ABC JERUK,BTL,72.0,73.0
S0000005,SAKATONIK ABC STRAW,BTL,78.0,76.0
S0000006,SAKATONIK LIVER 100ML,BTL,7.0,7.0
S0000007,SAKATONIK LIVER 310ML,BTL,5.0,4.0
S0000008,SALBUTAMOL 2MG,STRIP,261.0,276.0
S0000009,SALBUTAMOL 4MG,STRIP,651.0,624.0
S0000012,SALEP 88,POT,378.0,388.0
S0000013,SALEP ICHTYOL 15GR,POT,72.0,72.0
S00000132,SUSU KUDA LIAR SUMBAWA,BTL,14.0,12.0
S00000132,SUSU KUDA LIAR SUMBAWA,BTL,2.0,1.0
S0000016,SALONPAS GEL 30GR,TUBE,0.0,1.0
S0000017,SALONPAS GEL KECIL,TUBE,2.0,3.0
S0000019,SALONPAS HOT,PCS,111.0,93.0
S0000019,SALONPAS HOT,PCS,102.0,104.0
S0000022,SANAFLU,STRIP,50.0,62.0
S0000022,SANAFLU,STRIP,550.0,537.0
S00000233,SARI KURMA TJ 250GR,BTL,26.0,25.0
S00000233,SARI KURMA TJ 250GR,BTL,80.0,83.0
S0000025,SANMOL DROP,BTL,156.0,151.0
S00000256,SUCRALFAT 100ML,SYR,20.0,20.0
S0000026,SANMOL SYR,BTL,361.0,354.0
S00000262,PAMPERS SENSI DRY PANT M,PCS,1.0,1.0
S0000027,SANMOL TAB 500MG,STRIP,325.0,319.0
S0000029,SARIDON,STRIP,61.0,45.0
S0000030,SCABIMITE 10G,TUBE,56.0,56.0
S0000031,SCABIMITE 30G,TUBE,19.0,18.0
S0000032,SCOTT VITA 200 ML,BTL,38.0,36.0
S0000033,SCOTT VITA 400 ML,BTL,1.0,1.0
S0000035,SENSITIF TEST KEHAMILAN,PCS,51.0,49.0
S0000036,SILADEX ATT,BTL,0.0,4.0
S0000036,SILADEX ATT,BTL,54.0,54.0
S0000036,SILADEX ATT,BTL,107.0,115.0
S0000039,SIMVASTATIN 10MG,STRIP,286.0,309.0
S0000040,SIMVASTATIN 20MG,STRIP,110.0,103.0
S0000041,SPASMINAL,TAB,200.0,270.0
S0000042,SRITI,TUBE,272.0,271.0
S0000043,STIMUNO SYR 60 ML,BTL,5.0,7.0
S0000044,STOP COLD,STRIP,120.0,121.0
S0000045,STOP X,TUBE,1.0,1.0
S0000046,SUPER MAGIC,BOX,97.0,99.0
S0000047,SUPERTETRA,STRIP,612.0,627.0
S0000047,SUPERTETRA,STRIP,146.0,142.0
S0000047,SUPERTETRA,STRIP,49.0,52.0
S0000058,SAKATONIK LIVER TAB,STRIP,10.0,10.0
S0000060,SUPRAVIT BOTOL,BTL,40.0,40.0
S0000061,SUPERHOID SUPP,SUPP,114.0,112.0
S0000062,SISMAX,BTL,4.0,5.0
S0000065,SALEP 2-4,POT,147.0,135.0
S0000069,SALONPAS KOYO IJO 5X2,SACH,317.0,314.0
S0000069,SALONPAS KOYO IJO 5X2,SACH,247.0,250.0
S0000071,SENDOK TAKAR,PCS,0.0,14.0
S0000074,SOFFEL SPRAY 80ML JERUK,BTL,2.0,2.0
S0000075,SARI KURMA SAHARA,BTL,67.0,69.0
S0000075,SARI KURMA SAHARA,BTL,38.0,25.0
S0000075,SARI KURMA SAHARA,BTL,1.0,3.0
S0000078,SANMAG SUSP,BTL,50.0,51.0
S0000078,SANMAG SUSP,BTL,126.0,125.0
S0000085,STIMUNO ANGGUR 60ML,BTL,11.0,10.0
S0000087,STIMUNO FORTE CAPSUL,DUS,37.0,38.0
S0000088,STIMUNO SYR 100ML,BTL,5.0,7.0
S0000088,STIMUNO SYR 100ML,BTL,320.0,282.0
S0000088,STIMUNO SYR 100ML,BTL,4.0,4.0
S0000095,SITRONELA 60ML,BTL,18.0,13.0
S0000100,SUPER MAGIC CASANOVA,BOX,81.0,81.0
S0000102,SPUIT 3CC OM,PCS,100.0,67.0
S0000108,SPUIT 1CC TERUMO,PCS,103.0,34.0
S0000108,SPUIT 1CC TERUMO,PCS,36.0,31.0
S0000116,SITRONELA 30ML,BTL,3.0,6.0
S0000119,SAKATONIK ABC ANTARIKSA,BTL,30.0,30.0
S0000121,SABUN PEPAYA,PCS,26.0,26.0
S0000121,SABUN PEPAYA,PCS,132.0,135.0
S0000125,SERETIDE INHALER 50,CAN,6.0,6.0
S0000126,STIMUNO ANGGUR 100ML,BTL,8.0,8.0
S0000126,STIMUNO ANGGUR 100ML,BTL,30.0,30.0
S0000129,SILEX SYR100ML,BTL,12.0,13.0
S0000130,SUSU KAMBING ETAWA,BOX,2.0,2.0
S0000132,SARI KACANG IJO 250ML,PCS,240.0,234.0
S0000140,SOMAN,BTL,22.0,19.0
S0000140,SOMAN,BTL,18.0,15.0
S0000144,SEVENSEAS KIDS 100ML,BTL,1.0,0.0
S0000146,SPIRONOLACTON 25MG,STRIP,50.0,55.0
S0000147,SANBE TEARS 8ML,BTL,4.0,3.0
S0000148,SYNALTEN CR,TUBE,16.0,12.0
S0000149,SERETIDE INH 125,CAN,8.0,8.0
S0000151,SPUIT 10CC,PCS,101.0,38.0
S0000153,SELANG OKSIGEN,PCS,6.0,5.0
S0000155,SARI KURMA AL JAZIRA,BTL,45.0,47.0
S0000158,SANGOBION KIDS 100ML,BTL,2.0,2.0
S0000158,SANGOBION KIDS 100ML,BTL,38.0,43.0
S0000165,SCOTT EMULTION ORI 200ML,BTL,1.0,1.0
S0000167,SLIM FIT VANILA,BOX,1.0,1.0
S0000168,SUM CREAM,BTL,94.0,94.0
S0000170,SENSODENT FRESH MINT 50GR,TUBE,9.0,7.0
S0000172,SANBE KIDS EMULSION,BOTOL,5.0,4.0
S0000173,SOLINFEC CR,TUBE,20.0,19.0
S0000176,SALICYL DRAGON,BTL,46.0,43.0
S0000177,SENSODYNE FRESHMINT 100GR,TUBE,0.0,2.0
S0000180,SARI KACANG IJO 150ML,KOTAK,144.0,137.0
S0000181,SELVIM,STRIP,50.0,51.0
S0000182,SP TROCHES MELON,BOX,9.0,11.0
S0000183,SP TROCHES STRAWBERRY,BOX,12.0,11.0
S0000190,SARI KURMA MADU PLUS ANGKAK,BTL,23.0,23.0
S0000191,SANGOBION VITATONIK,BTL,31.0,32.0
S0000192,SANTA E 400IU,STRIP,1.0,11.0
S0000193,SOLINFEC TAB,STRIP,90.0,91.0
S0000194,SCANDERMA PLUS CR 10G,TUBE,7.0,6.0
S0000196,SANMOL FORTE SYR 60ML,BTL,50.0,44.0
S0000198,SULDOX,STRIP,60.0,65.0
S0000198,SULDOX,STRIP,2.0,2.0
S0000205,SUCRALFAT SYR 500MG,BOTOL,22.0,22.0
S0000206,SANADRYL SYR,BTL,6.0,3.0
S0000208,SAN-B PLEX DROPS,BTL,8.0,7.0
S000021,SALYCIL TALK 75GR,BTL,3.0,3.0
S0000211,SILDENAFIL CITRATE 50MG,TAB,80.0,83.0
S0000213,SENSODYNE ORIGINAL,TUBE,0.0,2.0
S0000215,SKIZON CR 10GR,TUBE,0.0,2.0
S0000215,SKIZON CR 10GR,TUBE,12.0,15.0
S0000218,SELSUN BLUE,BTL,13.0,12.0
S0000219,SELSUN DOUBLE IMPACT,BTL,12.0,10.0
S0000219,SELSUN DOUBLE IMPACT,BTL,1.0,1.0
S0000222,SILDENAFIL 100MG,TAB,4.0,6.0
S0000222,SILDENAFIL 100MG,TAB,12.0,12.0
S0000225,SILADEX DMP 30ML,BTL,19.0,20.0
S0000226,STIMUNO SYR ORANGE 60ML,BTL,18.0,17.0
S0000228,SILADEX DMP 60ML,BTL,6.0,11.0
S000023,SILADEX CC 30ML,BTL,27.0,32.0
S0000232,SILADEX DMP 100ML,BTL,18.0,22.0
S0000233,SEJUK SARI SACH,SACH,0.0,1.0
S0000234,SISMAX 120ML,BTL,2.0,2.0
S0000235,SILADEX ATT 30ML,BTL,6.0,9.0
S0000235,SILADEX ATT 30ML,BTL,52.0,51.0
S0000235,SILADEX ATT 30ML,BTL,18.0,18.0
S0000241,SELSUN DOUBLE IMPACT 100ML,BTL,6.0,6.0
S0000242,SELSUN BLUE 120ML,BTL,7.0,6.0
S0000242,SELSUN BLUE 120ML,BTL,103.0,101.0
S0000244,SILADEX ATT 60ML,BTL,36.0,39.0
S0000246,SARIAMAN GEL,TUBE,48.0,44.0
S0000248,SUMAGESIC TAB 600MG,STRIP,0.0,16.0
S0000250,SILICONE PIGEON STEP 2A,PCS,1.0,2.0
S0000251,SKIN BEAUTY,STRIP,0.0,12.0
S0000252,SCOPMA PLUS,STRIP,20.0,24.0
S0000253,SANGOBION BABY 30ML,BTL,1.0,1.0
S0000255,SKIZON 5GR,TUBE,0.0,1.0
S0000255,SKIZON 5GR,TUBE,0.0,1.0
S0000257,SENSICARE SOOTHING CR 50GR,BTL,0.0,1.0
S0000258,SANGOBION VITATONIK 400ML,BTL,8.0,8.0
S0000258,SANGOBION VITATONIK 400ML,BTL,0.0,40.0
S0000258,SANGOBION VITATONIK 400ML,BTL,800.0,890.0
S0000261,SOS HAND SANITIZER 500ML,BTL,0.0,1.0
S0000262,SUPER MAGIC MAN GOLD,PCS,1.0,1.0
S0000263,SENSODYNE FRESHMINT 50GR,TUBE,2.0,2.0
S0000264,STERIONE SPRAY DESINFECTANT,BTL,6.0,5.0
S0000265,SOFFEL GERANIUM 50GR,TUBE,1.0,1.0
S0000266,SD COTTON BUD ANAK BTL,BTL,2.0,1.0
S0000267,SD COTTON BUD ANAK REFIL,PACK,2.0,2.0
S0000267,SD COTTON BUD ANAK REFIL,PACK,5.0,4.0
S0000267,SD COTTON BUD ANAK REFIL,PACK,1.0,1.0
S0000270,SOFFEL SPRAY 80ML GERANIUM,BTL,2.0,1.0
S0000271,SUCRALFATE SUSP 100ML YARINDO,BTL,2.0,2.0
S0000272,SUCRALFATE SUSP 500MG HOLI,BTL,36.0,35.0
S0000272,SUCRALFATE SUSP 500MG HOLI,BTL,3.0,0.0
S0000274,SNAKE BRAND POWDER 300GR COOL PINK,KLNG,2.0,1.0
S0000274,SNAKE BRAND POWDER 300GR COOL PINK,KLNG,2.0,0.0
S0000789,SAFE CARE STRONG,BTL,60.0,50.0
S0000789,SAFE CARE STRONG,BTL,15.0,9.0
S0000791,SANCOIDAN KAPSUL,STRIP,3.0,0.0
S0000792,SARI KURMA TROMBOSIT BESAR,BTL,8.0,7.0
S0000793,SARI KURMA TROMBOSIT KECIL,BTL,6.0,5.0
S0000794,SARIDON EXTRA,STRIP,2.0,2.0
S0000795,SUSU 7 KURMA,KLNG,12.0,10.0
S000080,SARANG SEMUT SUPER,BTL,22.0,18.0
S000081,SARI KURMA PRIMA JAMBU,BTL,10.0,9.0
S000082,PUTRI SLIM,BTL,14.0,12.0
S000123,SPRINKLE ALL VARIAN,DUS,0.0,2.0
S000131,ETAWAKU,BOX,2.0,2.0
S000170,SARI MENGKUDU PRIMA,BTL,14.0,12.0
S000170,SARI MENGKUDU PRIMA,BTL,59.0,50.0
S000206,SUCRALFAT TAB 500MG,STRIP,40.0,40.0
SAMCO,SAMCONAL TAB,STRIP,20.0,20.0
T0000001,TAWON DD,BTL,34.0,34.0
T0000002,TAWON EE,BTL,6.0,8.0
T0000003,TAY PIN SAN,SACH,216.0,195.0
T0000005,TERMOREX 60 ML,BTL,48.0,49.0
T0000005,TERMOREX 60 ML,BTL,0.0,2.0
T00000092,TENSI DIGITAL GC,UNIT,2.0,2.0
T000001,TRIFAMOL,STRIP,20.0,20.0
T0000010,THROMBO ASPILETS,TAB,450.0,360.0
T0000011,THROMBPHOP GEL,TUBE,20.0,20.0
T0000012,TILOMIX,STRIP,132.0,141.0
T00000127,THERMOMETER DIGITAL INFRARED,PCS,2.0,2.0
T0000013,TOLAK ANGIN ANAK,SACH,353.0,370.0
T0000014,TOLAK ANGIN CAIR,SACH,13.0,12.0
T0000014,TOLAK ANGIN CAIR,SACH,10.0,9.0
T0000018,TRIFED SYR 60ML,BTL,3.0,2.0
T0000020,THROMBOGEL,TUBE,4.0,4.0
T0000020,THROMBOGEL,TUBE,43.0,43.0
T0000022,TRIAMINIC PILEK 60ML,BTL,1.0,1.0
T0000027,TEMPRA FORTE 60 ML,BTL,11.0,14.0
T0000028,TEMPRA SYR 60ML,BTL,20.0,21.0
T0000029,TEMPRA DROPS 15 ML,BTL,20.0,21.0
T0000031,TERMOREX PLUS 60 ML,BTL,80.0,75.0
T0000032,TIMBANGAN BADAN,PCS,4.0,5.0
T0000033,DIE DA YAO GIN,BTL,43.0,47.0
T0000039,TREMENZA,STRIP,116.0,139.0
T0000042,THERMOMETER RUANGAN,PCS,0.0,2.0
T0000042,THERMOMETER RUANGAN,PCS,25.0,24.0
T0000042,THERMOMETER RUANGAN,PCS,12.0,12.0
T0000052,TREMENZA SYR,BTL,21.0,20.0
T0000052,TREMENZA SYR,BTL,5.0,5.0
T0000058,THROMBOPHOB OINT,TUBE,12.0,12.0
T0000058,THROMBOPHOB OINT,TUBE,0.0,14.0
T0000063,TEH KOTAK 200ML,KOTAK,528.0,524.0
T0000064,TIMBANGAN DIGITAL,PCS,4.0,4.0
T0000065,TEMPRA SYR 30ML,BTL,26.0,29.0
T0000067,TRANSFULMIN BABY 10GR,TUBE,31.0,31.0
T0000068,TAY PIN SAN CAIR,SACH,165.0,141.0
T0000071,TUZALOS,STRIP,50.0,53.0
T0000075,THERMOMETER BULAT,PCS,0.0,2.0
T0000076,TABUNG OKSIGEN M3,TBG,0.0,1.0
T0000077,TEH JATI CINA CELUP,PCS,37.0,38.0
T0000078,TJ JOYBEE,BTL,44.0,47.0
T0000083,MINYAK TAWON FF,BTL,5.0,4.0
T0000087,TERMOREX PLUS 30ML,BTL,42.0,44.0
T0000089,TJ JOYBEE ORIGINAL,BTL,31.0,31.0
T0000091,TERRA F KAPSUL,STRIP,310.0,231.0
T0000092,THROMECON 20GR,TUBE,6.0,7.0
T0000093,TERMOREX 30ML,BTL,36.0,32.0
T0000095,TRANSPULMIN BB 10G,TUBE,14.0,13.0
T0000096,TRIAMCINOLONE 5GR,TUBE,0.0,1.0
T0000097,TEH PUCUK 350ML,BTL,216.0,216.0
T0000100,TJ JOYBEE STROWBERY,BTL,49.0,45.0
T0000101,THERMOMETER DIGITAL OMRON,PCS,21.0,21.0
T0000103,TRIAMCINOLONE 4MG TAB,STRIP,20.0,15.0
T0000104,TRANSPULMIN KIDS 20GR,TUBE,2.0,1.0
T0000104,TRANSPULMIN KIDS 20GR,TUBE,23.0,19.0
T0000106,TOPICARE CLEANSER 90ML,PCS,4.0,0.0
T000028,TONG KANG SHUANG,TUBE,54.0,54.0
T000080,TRIANTA,STRIP,50.0,46.0
T000082,TESTPACK,STRIP,131.0,131.0
T000083,TERMOREX DROP,BTL,19.0,25.0
T000083,TERMOREX DROP,BTL,2.0,3.0
T000089,TAWON CC,BTL,52.0,52.0
T000090,TJ JOYBE GROW EMULSIOM 200ML,BTL,18.0,17.0
T000093,TERMOREX PATCH,SCHT,18.0,24.0
T000095,TAKAHI PLASTER,PCS,9.0,2.0
T000099,TRISELA 10MG,STRIP,65.0,57.0
T000100,TRISELA SYR,BTL,9.0,9.0
T00089,MADU TJ JAHE MERAH 150gr,BTL,27.0,32.0
U0000002,ULTRACILLINE,TUBE,120.0,125.0
U0000003,ULTRACYN BABY KECIL,BTL,30.0,32.0
U0000005,ULTRAFLU,STRIP,925.0,923.0
U0000008,UPIXON,BTL,0.0,1.0
U0000009,ULTRAFIX 10X5,ROL,27.0,27.0
U0000011,ULTRACAP,STRIP,25.0,16.0
U0000012,UNDERPAD SENSI,PCS,150.0,160.0
U0000013,ULTRA COKLAT 125,KOTAK,440.0,428.0
U0000015,ULTRA STROWBERY 125,KOTAK,200.0,198.0
U0000018,ULTRAMILK COKLAT 250,PCS,264.0,283.0
U0000019,ULTRA MIMI COKLAT 125,PCS,160.0,149.0
U0000021,ULTRA MIMI STROWBERY 125ML,BTL,44.0,68.0
U0000023,ULTRAFIX 5 X 5,ROLL,15.0,13.0
U0000025,ULTRACYN DWS,BTL,33.0,30.0
U0000027,UC-FLEX 40MG TAB,TAB,0.0,4.0
U0000028,ULTRA MILK TARO 200ML,BTL,144.0,150.0
U0000029,ULTRADERMA 5GR,TUBE,0.0,1.0
V0000001,VEGETA HERBAL,SACH,289.0,274.0
V0000002,VEGETA JERUK,SACH,114.0,88.0
V0000002,VEGETA JERUK,SACH,0.0,15.0
V00000029,VOLTAREN 50MG,TAB,150.0,112.0
V0000005,VERILE ACNE  GEL,TUBE,36.0,34.0
V0000005,VERILE ACNE  GEL,TUBE,343.0,342.0
V0000005,VERILE ACNE  GEL,TUBE,225.0,230.0
V000001,VOLTAREN BALSEM 20g,BTL,5.0,3.0
V00000100,VIDORAN SMART IMUNUP ANGGUR SYR 60ML,BTL,3.0,3.0
V0000012,VICKS F44 ANAK 27 ML,BTL,67.0,64.0
V0000013,VICKS F44 ANAK 54 ML,BTL,66.0,74.0
V0000014,VICKS F44 DT SACHET,SACH,24.0,14.0
V00000145,VITAMIN B12,STRIP,30.0,19.0
V0000015,VICKS F44 DWS 100 ML,BTL,105.0,104.0
V0000016,VICKS F44 DWS 27 ML,BTL,118.0,116.0
V0000017,VICKS INHALER,POT,36.0,42.0
V0000018,VICKS VAPORUB 25G,PCS,68.0,65.0
V0000019,VIGEL,TUBE,6.0,5.0
V0000020,VIOSTIN DS,STRIP,80.0,78.0
V0000021,VIRUGON,TUBE,39.0,41.0
V0000023,VITACIMIN,STRIP,40.0,41.0
V0000023,VITACIMIN,STRIP,175.0,153.0
V0000026,VITAQUIN CR 15G,TUBE,140.0,141.0
V0000030,VOLTAREN GEL 10GR,TUBE,1.0,1.0
V0000031,VOLTAREN GEL 5GR,TUBE,2.0,3.0
V0000031,VOLTAREN GEL 5GR,TUBE,6.0,6.0
V0000035,VIPRO-G JERUK,TAB,0.0,84.0
V0000035,VIPRO-G JERUK,TAB,6.0,6.0
V0000037,VICKS VAPORUB 10,POT,66.0,64.0
V0000038,VITAL TT,FLS,114.0,111.0
V0000040,VIRJINT SYR,BTL,134.0,130.0
V0000041,VICKS F44 DWS 54ML,BTL,120.0,128.0
V0000044,VENARON,STRIP,80.0,72.0
V0000045,VENTOLIN NEBULES,VIAL,280.0,270.0
V0000046,VIDORAN SMART 100ML,BTL,12.0,8.0
V0000050,VENTOLIN INHALER,PCS,30.0,29.0
V0000051,V FRESH ORIGINAL,BTL,54.0,49.0
V0000052,V FRESH HOT 8ML,BTL,72.0,78.0
V0000052,V FRESH HOT 8ML,BTL,3.0,2.0
V0000052,V FRESH HOT 8ML,BTL,4.0,5.0
V0000052,V FRESH HOT 8ML,BTL,9.0,9.0
V0000081,VERILE BLEMISH CREAM,TUBE,13.0,11.0
V0000084,VITAMIN B COMPLEX,STRIP,140.0,161.0
V0000087,VECTRINE DRY SYRUP,BOTOL,7.0,6.0
V0000092,VOLTADEX GEL 20GR,TUBE,0.0,1.0
V0000093,VOSEA SYR 30ML,BTL,24.0,24.0
V0000096,VIDORAN SMART STROW TABLET,BTL,3.0,2.0
V0000099,VIGEL 60g,TUBE,6.0,8.0
V00001,VITAPLEX SYR,BTL,2.0,2.0
V0000100,VITAMIN B6,STRIP,53.0,48.0
V0000101,VITAMIN B1 50 mg,STRIP,60.0,50.0
V0000102,VITAMIN B,STRIP,0.0,15.0
V0000105,VISANCORT CREAM,TUBE,0.0,3.0
V0000106,VENARON HD,STRIP,15.0,16.0
V0000110,VITAMIN C 250MG,STRIP,360.0,366.0
V0000111,VITAMIN C 250MG BOX,STRIP,58.0,73.0
V0000112,VECTRINE 300MG,STRIP,6.0,6.0
V0000113,VITAMIN C 100MG POT,BTL,12.0,8.0
V0000114,VASELINE SWAB,PCS,20.0,20.0
V0000115,VESPERUM SYR 60ML,BTL,12.0,9.0
V0000116,VEDRIN SIRUP 60ML,BTL,3.0,1.0
V000025,VESPERUM TAB,STRIP,30.0,16.0
V000085,VOSEA,STRIP,21.0,16.0
V000089,VIT-C1000 SIDOMUNCUL,SACH,36.0,36.0
W0000001,WAISAN,SACH,720.0,912.0
W0000002,WOODS ANTITUSIF 100ML,BTL,45.0,45.0
W0000003,WOODS ANTITUSIF 60ML,BTL,159.0,153.0
W0000004,WOODS EXP 100ML,BTL,36.0,42.0
W0000005,WOODS EXP 60ML,BTL,130.0,127.0
W0000006,WOODS HERBAL 60ML,BTL,14.0,22.0
W0000008,WOODS PERMEN HONEY LEMON,SACH,2.0,5.0
W0000009,WWZ,PCS,6.0,7.0
W0000012,WHITE-NENG,TUBE,30.0,27.0
W0000019,WOODS PERMEN CHERY,PCS,0.0,7.0
W0000020,WIROS 20MG,STRIP,400.0,405.0
W0000027,WELMOVE,STRIP,151.0,169.0
W0000029,WINATIN,STRIP,41.0,44.0
W0000032,MADU WELLERYROYAL JELLY 650ML,BTL,48.0,43.0
W0000033,WARMAX HONEY LEMON SACHET 25GR,BOX,3.0,0.0
X0000001,XENICAL,TAB,84.0,80.0
X0000002,XON-CE,STRIP,600.0,600.0
Y00000010,YEKARADINE TAB,STRIP,0.0,4.0
Y0000008,YEKAPRIM SYR,BTL,0.0,2.0
Y000001,YUSIMOX SYR,BTL,84.0,81.0
Y000003,YUSIMOX FORTE SYR,BTL,37.0,34.0
Y000006,YUSIMOX TAB,STRIP,260.0,257.0
Y000009,Y-RINS NEW,BTL,22.0,24.0
Y000009,Y-RINS NEW,BTL,1.0,1.0
Z0000007,ZINK DISPERSIBEL TAB,STRIP,30.0,16.0
Z0000008,ZEE COKLAT 200ML,KTK,80.0,62.0
Z0000009,ZEE STRAWBERRY 200ML,KTK,45.0,51.0
Z0000010,ZHENG GU SHUI 30ML,PCS,2.0,0.0
Z0000011,ZHENG GU SHUI 60ML,PCS,2.0,0.0
Z0000012,ZINK DISPERSIBEL SYR,BTL,3.0,3.0
Z0000013,ZEGAVIT,STRIP,60.0,48.0
Z0000014,ZELONA TAB,STRIP,30.0,18.0
Z000003,ZELIRIS CR,TUBE,7.0,6.5
Z000006,ZAMBUK,PCS,3.0,3.0
Z000007,ZORALIN CR,TUBE,135.0,136.0
Z000009,ZEVASK,STRIP,86.0,78.0
Z00007,ZAMBUK 8GR,PCS,6.0,6.0
